股票代號,民國年,月份,民國年月,西元季,西元Q,日期,殖利率(%),股利年度,本益比,股價淨值比,財報年/季
1101,105,3,10503,2016Q1,2016Q1,,,,,,
1101,105,6,10506,2016Q2,2016Q2,,,,,,
1101,105,9,10509,2016Q3,2016Q3,,,,,,
1101,105,12,10512,2016Q4,2016Q4,,,,,,
1101,106,3,10603,2017Q1,2017Q1,,,,,,
1101,106,6,10606,2017Q2,2017Q2,106年06月30日,4.12,105,18.62,1.21,106/1
1101,106,9,10609,2017Q3,2017Q3,106年09月30日,4.29,105,17.51,1.18,106/2
1101,106,12,10612,2017Q4,2017Q4,106年12月29日,3.98,105,19.92,1.20,106/3
1101,107,3,10703,2018Q1,2018Q1,107年03月31日,3.97,105,20.42,1.14,106/4
1101,107,6,10706,2018Q2,2018Q2,107年06月29日,5.90,106,18.49,1.20,107/1
1101,107,9,10709,2018Q3,2018Q3,107年09月28日,6.08,106,11.91,1.15,107/2
1101,107,12,10712,2018Q3,2018Q3,,,,,,
1101,108,3,10803,2018Q3,2018Q3,,,,,,
1101,108,6,10806,2018Q3,2018Q3,,,,,,
1101,108,9,10809,2018Q3,2018Q3,,,,,,
1101,108,12,10812,2018Q3,2018Q3,,,,,,
1101,109,3,10903,2018Q3,2018Q3,,,,,,
1101,109,6,10906,2018Q3,2018Q3,,,,,,
1101,109,9,10909,2018Q3,2018Q3,,,,,,
1101,109,12,10912,2018Q3,2018Q3,,,,,,
1101,110,3,11003,2018Q3,2018Q3,,,,,,
1101,110,6,11006,2018Q3,2018Q3,,,,,,
1101,110,9,11009,2018Q3,2018Q3,,,,,,
1101,110,12,11012,2018Q3,2018Q3,,,,,,
1101,111,3,11103,2018Q3,2018Q3,,,,,,
1101,111,6,11106,2018Q3,2018Q3,,,,,,
1101,111,9,11109,2018Q3,2018Q3,,,,,,
1101,111,12,11112,2018Q3,2018Q3,,,,,,
1101,112,3,11203,2018Q3,2018Q3,,,,,,
1101,112,6,11206,2018Q3,2018Q3,,,,,,
1101,112,9,11209,2018Q3,2018Q3,,,,,,
1101,112,12,11212,2018Q3,2018Q3,,,,,,
1101,113,3,11303,2018Q3,2018Q3,,,,,,
1101,113,6,11306,2018Q3,2018Q3,,,,,,
1101,113,9,11309,2018Q3,2018Q3,,,,,,
1101,113,12,11312,2018Q3,2018Q3,,,,,,
1101,114,3,11403,2018Q3,2018Q3,,,,,,
1102,105,3,10503,2018Q3,2018Q3,,,,,,
1102,105,6,10506,2018Q3,2018Q3,,,,,,
1102,105,9,10509,2018Q3,2018Q3,,,,,,
1102,105,12,10512,2018Q3,2018Q3,,,,,,
1102,106,3,10603,2018Q3,2018Q3,,,,,,
1102,106,6,10606,2018Q3,2018Q3,,,,,,
1102,106,9,10609,2018Q3,2018Q3,,,,,,
1102,106,12,10612,2018Q3,2018Q3,,,,,,
1102,107,3,10703,2018Q3,2018Q3,,,,,,
1102,107,6,10706,2018Q3,2018Q3,,,,,,
1102,107,9,10709,2018Q3,2018Q3,,,,,,
1102,107,12,10712,2018Q3,2018Q3,,,,,,
1102,108,3,10803,2018Q3,2018Q3,,,,,,
1102,108,6,10806,2018Q3,2018Q3,,,,,,
1102,108,9,10809,2018Q3,2018Q3,,,,,,
1102,108,12,10812,2018Q3,2018Q3,,,,,,
1102,109,3,10903,2018Q3,2018Q3,,,,,,
1102,109,6,10906,2018Q3,2018Q3,,,,,,
1102,109,9,10909,2018Q3,2018Q3,,,,,,
1102,109,12,10912,2018Q3,2018Q3,,,,,,
1102,110,3,11003,2018Q3,2018Q3,,,,,,
1102,110,6,11006,2018Q3,2018Q3,,,,,,
1102,110,9,11009,2018Q3,2018Q3,,,,,,
1102,110,12,11012,2018Q3,2018Q3,,,,,,
1102,111,3,11103,2018Q3,2018Q3,,,,,,
1102,111,6,11106,2018Q3,2018Q3,,,,,,
1102,111,9,11109,2018Q3,2018Q3,,,,,,
1102,111,12,11112,2018Q3,2018Q3,,,,,,
1102,112,3,11203,2018Q3,2018Q3,,,,,,
1102,112,6,11206,2018Q3,2018Q3,,,,,,
1102,112,9,11209,2018Q3,2018Q3,,,,,,
1102,112,12,11212,2018Q3,2018Q3,,,,,,
1102,113,3,11303,2018Q3,2018Q3,,,,,,
1102,113,6,11306,2018Q3,2018Q3,,,,,,
1102,113,9,11309,2018Q3,2018Q3,,,,,,
1102,113,12,11312,2018Q3,2018Q3,,,,,,
1102,114,3,11403,2018Q3,2018Q3,,,,,,
1103,105,3,10503,2018Q3,2018Q3,,,,,,
1103,105,6,10506,2018Q3,2018Q3,,,,,,
1103,105,9,10509,2018Q3,2018Q3,,,,,,
1103,105,12,10512,2018Q3,2018Q3,,,,,,
1103,106,3,10603,2018Q3,2018Q3,,,,,,
1103,106,6,10606,2018Q3,2018Q3,,,,,,
1103,106,9,10609,2018Q3,2018Q3,,,,,,
1103,106,12,10612,2018Q3,2018Q3,,,,,,
1103,107,3,10703,2018Q3,2018Q3,,,,,,
1103,107,6,10706,2018Q3,2018Q3,,,,,,
1103,107,9,10709,2018Q3,2018Q3,,,,,,
1103,107,12,10712,2018Q3,2018Q3,,,,,,
1103,108,3,10803,2018Q3,2018Q3,,,,,,
1103,108,6,10806,2018Q3,2018Q3,,,,,,
1103,108,9,10809,2018Q3,2018Q3,,,,,,
1103,108,12,10812,2018Q3,2018Q3,,,,,,
1103,109,3,10903,2018Q3,2018Q3,,,,,,
1103,109,6,10906,2018Q3,2018Q3,,,,,,
1103,109,9,10909,2018Q3,2018Q3,,,,,,
1103,109,12,10912,2018Q3,2018Q3,,,,,,
1103,110,3,11003,2018Q3,2018Q3,,,,,,
1103,110,6,11006,2018Q3,2018Q3,,,,,,
1103,110,9,11009,2018Q3,2018Q3,,,,,,
1103,110,12,11012,2018Q3,2018Q3,,,,,,
1103,111,3,11103,2018Q3,2018Q3,,,,,,
1103,111,6,11106,2018Q3,2018Q3,,,,,,
1103,111,9,11109,2018Q3,2018Q3,,,,,,
1103,111,12,11112,2018Q3,2018Q3,,,,,,
1103,112,3,11203,2018Q3,2018Q3,,,,,,
1103,112,6,11206,2018Q3,2018Q3,,,,,,
1103,112,9,11209,2018Q3,2018Q3,,,,,,
1103,112,12,11212,2018Q3,2018Q3,,,,,,
1103,113,3,11303,2018Q3,2018Q3,,,,,,
1103,113,6,11306,2018Q3,2018Q3,,,,,,
1103,113,9,11309,2018Q3,2018Q3,,,,,,
1103,113,12,11312,2018Q3,2018Q3,,,,,,
1103,114,3,11403,2018Q3,2018Q3,,,,,,
1104,105,3,10503,2018Q3,2018Q3,,,,,,
1104,105,6,10506,2018Q3,2018Q3,,,,,,
1104,105,9,10509,2018Q3,2018Q3,,,,,,
1104,105,12,10512,2018Q3,2018Q3,,,,,,
1104,106,3,10603,2018Q3,2018Q3,,,,,,
1104,106,6,10606,2018Q3,2018Q3,,,,,,
1104,106,9,10609,2018Q3,2018Q3,,,,,,
1104,106,12,10612,2018Q3,2018Q3,,,,,,
1104,107,3,10703,2018Q3,2018Q3,,,,,,
1104,107,6,10706,2018Q3,2018Q3,,,,,,
1104,107,9,10709,2018Q3,2018Q3,,,,,,
1104,107,12,10712,2018Q3,2018Q3,,,,,,
1104,108,3,10803,2018Q3,2018Q3,,,,,,
1104,108,6,10806,2018Q3,2018Q3,,,,,,
1104,108,9,10809,2018Q3,2018Q3,,,,,,
1104,108,12,10812,2018Q3,2018Q3,,,,,,
1104,109,3,10903,2018Q3,2018Q3,,,,,,
1104,109,6,10906,2018Q3,2018Q3,,,,,,
1104,109,9,10909,2018Q3,2018Q3,,,,,,
1104,109,12,10912,2018Q3,2018Q3,,,,,,
1104,110,3,11003,2018Q3,2018Q3,,,,,,
1104,110,6,11006,2018Q3,2018Q3,,,,,,
1104,110,9,11009,2018Q3,2018Q3,,,,,,
1104,110,12,11012,2018Q3,2018Q3,,,,,,
1104,111,3,11103,2018Q3,2018Q3,,,,,,
1104,111,6,11106,2018Q3,2018Q3,,,,,,
1104,111,9,11109,2018Q3,2018Q3,,,,,,
1104,111,12,11112,2018Q3,2018Q3,,,,,,
1104,112,3,11203,2018Q3,2018Q3,,,,,,
1104,112,6,11206,2018Q3,2018Q3,,,,,,
1104,112,9,11209,2018Q3,2018Q3,,,,,,
1104,112,12,11212,2018Q3,2018Q3,,,,,,
1104,113,3,11303,2018Q3,2018Q3,,,,,,
1104,113,6,11306,2018Q3,2018Q3,,,,,,
1104,113,9,11309,2018Q3,2018Q3,,,,,,
1104,113,12,11312,2018Q3,2018Q3,,,,,,
1104,114,3,11403,2018Q3,2018Q3,,,,,,
1108,105,3,10503,2018Q3,2018Q3,,,,,,
1108,105,6,10506,2018Q3,2018Q3,,,,,,
1108,105,9,10509,2018Q3,2018Q3,,,,,,
1108,105,12,10512,2018Q3,2018Q3,,,,,,
1108,106,3,10603,2018Q3,2018Q3,,,,,,
1108,106,6,10606,2018Q3,2018Q3,,,,,,
1108,106,9,10609,2018Q3,2018Q3,,,,,,
1108,106,12,10612,2018Q3,2018Q3,,,,,,
1108,107,3,10703,2018Q3,2018Q3,,,,,,
1108,107,6,10706,2018Q3,2018Q3,,,,,,
1108,107,9,10709,2018Q3,2018Q3,,,,,,
1108,107,12,10712,2018Q3,2018Q3,,,,,,
1108,108,3,10803,2018Q3,2018Q3,,,,,,
1108,108,6,10806,2018Q3,2018Q3,,,,,,
1108,108,9,10809,2018Q3,2018Q3,,,,,,
1108,108,12,10812,2018Q3,2018Q3,,,,,,
1108,109,3,10903,2018Q3,2018Q3,,,,,,
1108,109,6,10906,2018Q3,2018Q3,,,,,,
1108,109,9,10909,2018Q3,2018Q3,,,,,,
1108,109,12,10912,2018Q3,2018Q3,,,,,,
1108,110,3,11003,2018Q3,2018Q3,,,,,,
1108,110,6,11006,2018Q3,2018Q3,,,,,,
1108,110,9,11009,2018Q3,2018Q3,,,,,,
1108,110,12,11012,2018Q3,2018Q3,,,,,,
1108,111,3,11103,2018Q3,2018Q3,,,,,,
1108,111,6,11106,2018Q3,2018Q3,,,,,,
1108,111,9,11109,2018Q3,2018Q3,,,,,,
1108,111,12,11112,2018Q3,2018Q3,,,,,,
1108,112,3,11203,2018Q3,2018Q3,,,,,,
1108,112,6,11206,2018Q3,2018Q3,,,,,,
1108,112,9,11209,2018Q3,2018Q3,,,,,,
1108,112,12,11212,2018Q3,2018Q3,,,,,,
1108,113,3,11303,2018Q3,2018Q3,,,,,,
1108,113,6,11306,2018Q3,2018Q3,,,,,,
1108,113,9,11309,2018Q3,2018Q3,,,,,,
1108,113,12,11312,2018Q3,2018Q3,,,,,,
1108,114,3,11403,2018Q3,2018Q3,,,,,,
1109,105,3,10503,2018Q3,2018Q3,,,,,,
1109,105,6,10506,2018Q3,2018Q3,,,,,,
1109,105,9,10509,2018Q3,2018Q3,,,,,,
1109,105,12,10512,2018Q3,2018Q3,,,,,,
1109,106,3,10603,2018Q3,2018Q3,,,,,,
1109,106,6,10606,2018Q3,2018Q3,,,,,,
1109,106,9,10609,2018Q3,2018Q3,,,,,,
1109,106,12,10612,2018Q3,2018Q3,,,,,,
1109,107,3,10703,2018Q3,2018Q3,,,,,,
1109,107,6,10706,2018Q3,2018Q3,,,,,,
1109,107,9,10709,2018Q3,2018Q3,,,,,,
1109,107,12,10712,2018Q3,2018Q3,,,,,,
1109,108,3,10803,2018Q3,2018Q3,,,,,,
1109,108,6,10806,2018Q3,2018Q3,,,,,,
1109,108,9,10809,2018Q3,2018Q3,,,,,,
1109,108,12,10812,2018Q3,2018Q3,,,,,,
1109,109,3,10903,2018Q3,2018Q3,,,,,,
1109,109,6,10906,2018Q3,2018Q3,,,,,,
1109,109,9,10909,2018Q3,2018Q3,,,,,,
1109,109,12,10912,2018Q3,2018Q3,,,,,,
1109,110,3,11003,2018Q3,2018Q3,,,,,,
1109,110,6,11006,2018Q3,2018Q3,,,,,,
1109,110,9,11009,2018Q3,2018Q3,,,,,,
1109,110,12,11012,2018Q3,2018Q3,,,,,,
1109,111,3,11103,2018Q3,2018Q3,,,,,,
1109,111,6,11106,2018Q3,2018Q3,,,,,,
1109,111,9,11109,2018Q3,2018Q3,,,,,,
1109,111,12,11112,2018Q3,2018Q3,,,,,,
1109,112,3,11203,2018Q3,2018Q3,,,,,,
1109,112,6,11206,2018Q3,2018Q3,,,,,,
1109,112,9,11209,2018Q3,2018Q3,,,,,,
1109,112,12,11212,2018Q3,2018Q3,,,,,,
1109,113,3,11303,2018Q3,2018Q3,,,,,,
1109,113,6,11306,2018Q3,2018Q3,,,,,,
1109,113,9,11309,2018Q3,2018Q3,,,,,,
1109,113,12,11312,2018Q3,2018Q3,,,,,,
1109,114,3,11403,2018Q3,2018Q3,,,,,,
1110,105,3,10503,2018Q3,2018Q3,,,,,,
1110,105,6,10506,2018Q3,2018Q3,,,,,,
1110,105,9,10509,2018Q3,2018Q3,,,,,,
1110,105,12,10512,2018Q3,2018Q3,,,,,,
1110,106,3,10603,2018Q3,2018Q3,,,,,,
1110,106,6,10606,2018Q3,2018Q3,,,,,,
1110,106,9,10609,2018Q3,2018Q3,,,,,,
1110,106,12,10612,2018Q3,2018Q3,,,,,,
1110,107,3,10703,2018Q3,2018Q3,,,,,,
1110,107,6,10706,2018Q3,2018Q3,,,,,,
1110,107,9,10709,2018Q3,2018Q3,,,,,,
1110,107,12,10712,2018Q3,2018Q3,,,,,,
1110,108,3,10803,2018Q3,2018Q3,,,,,,
1110,108,6,10806,2018Q3,2018Q3,,,,,,
1110,108,9,10809,2018Q3,2018Q3,,,,,,
1110,108,12,10812,2018Q3,2018Q3,,,,,,
1110,109,3,10903,2018Q3,2018Q3,,,,,,
1110,109,6,10906,2018Q3,2018Q3,,,,,,
1110,109,9,10909,2018Q3,2018Q3,,,,,,
1110,109,12,10912,2018Q3,2018Q3,,,,,,
1110,110,3,11003,2018Q3,2018Q3,,,,,,
1110,110,6,11006,2018Q3,2018Q3,,,,,,
1110,110,9,11009,2018Q3,2018Q3,,,,,,
1110,110,12,11012,2018Q3,2018Q3,,,,,,
1110,111,3,11103,2018Q3,2018Q3,,,,,,
1110,111,6,11106,2018Q3,2018Q3,,,,,,
1110,111,9,11109,2018Q3,2018Q3,,,,,,
1110,111,12,11112,2018Q3,2018Q3,,,,,,
1110,112,3,11203,2018Q3,2018Q3,,,,,,
1110,112,6,11206,2018Q3,2018Q3,,,,,,
1110,112,9,11209,2018Q3,2018Q3,,,,,,
1110,112,12,11212,2018Q3,2018Q3,,,,,,
1110,113,3,11303,2018Q3,2018Q3,,,,,,
1110,113,6,11306,2018Q3,2018Q3,,,,,,
1110,113,9,11309,2018Q3,2018Q3,,,,,,
1110,113,12,11312,2018Q3,2018Q3,,,,,,
1110,114,3,11403,2018Q3,2018Q3,,,,,,
1201,105,3,10503,2018Q3,2018Q3,,,,,,
1201,105,6,10506,2018Q3,2018Q3,,,,,,
1201,105,9,10509,2018Q3,2018Q3,,,,,,
1201,105,12,10512,2018Q3,2018Q3,,,,,,
1201,106,3,10603,2018Q3,2018Q3,,,,,,
1201,106,6,10606,2018Q3,2018Q3,,,,,,
1201,106,9,10609,2018Q3,2018Q3,,,,,,
1201,106,12,10612,2018Q3,2018Q3,,,,,,
1201,107,3,10703,2018Q3,2018Q3,,,,,,
1201,107,6,10706,2018Q3,2018Q3,,,,,,
1201,107,9,10709,2018Q3,2018Q3,,,,,,
1201,107,12,10712,2018Q3,2018Q3,,,,,,
1201,108,3,10803,2018Q3,2018Q3,,,,,,
1201,108,6,10806,2018Q3,2018Q3,,,,,,
1201,108,9,10809,2018Q3,2018Q3,,,,,,
1201,108,12,10812,2018Q3,2018Q3,,,,,,
1201,109,3,10903,2018Q3,2018Q3,,,,,,
1201,109,6,10906,2018Q3,2018Q3,,,,,,
1201,109,9,10909,2018Q3,2018Q3,,,,,,
1201,109,12,10912,2018Q3,2018Q3,,,,,,
1201,110,3,11003,2018Q3,2018Q3,,,,,,
1201,110,6,11006,2018Q3,2018Q3,,,,,,
1201,110,9,11009,2018Q3,2018Q3,,,,,,
1201,110,12,11012,2018Q3,2018Q3,,,,,,
1201,111,3,11103,2018Q3,2018Q3,,,,,,
1201,111,6,11106,2018Q3,2018Q3,,,,,,
1201,111,9,11109,2018Q3,2018Q3,,,,,,
1201,111,12,11112,2018Q3,2018Q3,,,,,,
1201,112,3,11203,2018Q3,2018Q3,,,,,,
1201,112,6,11206,2018Q3,2018Q3,,,,,,
1201,112,9,11209,2018Q3,2018Q3,,,,,,
1201,112,12,11212,2018Q3,2018Q3,,,,,,
1201,113,3,11303,2018Q3,2018Q3,,,,,,
1201,113,6,11306,2018Q3,2018Q3,,,,,,
1201,113,9,11309,2018Q3,2018Q3,,,,,,
1201,113,12,11312,2018Q3,2018Q3,,,,,,
1201,114,3,11403,2018Q3,2018Q3,,,,,,
1203,105,3,10503,2018Q3,2018Q3,,,,,,
1203,105,6,10506,2018Q3,2018Q3,,,,,,
1203,105,9,10509,2018Q3,2018Q3,,,,,,
1203,105,12,10512,2018Q3,2018Q3,,,,,,
1203,106,3,10603,2018Q3,2018Q3,,,,,,
1203,106,6,10606,2018Q3,2018Q3,,,,,,
1203,106,9,10609,2018Q3,2018Q3,,,,,,
1203,106,12,10612,2018Q3,2018Q3,,,,,,
1203,107,3,10703,2018Q3,2018Q3,,,,,,
1203,107,6,10706,2018Q3,2018Q3,,,,,,
1203,107,9,10709,2018Q3,2018Q3,,,,,,
1203,107,12,10712,2018Q3,2018Q3,,,,,,
1203,108,3,10803,2018Q3,2018Q3,,,,,,
1203,108,6,10806,2018Q3,2018Q3,,,,,,
1203,108,9,10809,2018Q3,2018Q3,,,,,,
1203,108,12,10812,2018Q3,2018Q3,,,,,,
1203,109,3,10903,2018Q3,2018Q3,,,,,,
1203,109,6,10906,2018Q3,2018Q3,,,,,,
1203,109,9,10909,2018Q3,2018Q3,,,,,,
1203,109,12,10912,2018Q3,2018Q3,,,,,,
1203,110,3,11003,2018Q3,2018Q3,,,,,,
1203,110,6,11006,2018Q3,2018Q3,,,,,,
1203,110,9,11009,2018Q3,2018Q3,,,,,,
1203,110,12,11012,2018Q3,2018Q3,,,,,,
1203,111,3,11103,2018Q3,2018Q3,,,,,,
1203,111,6,11106,2018Q3,2018Q3,,,,,,
1203,111,9,11109,2018Q3,2018Q3,,,,,,
1203,111,12,11112,2018Q3,2018Q3,,,,,,
1203,112,3,11203,2018Q3,2018Q3,,,,,,
1203,112,6,11206,2018Q3,2018Q3,,,,,,
1203,112,9,11209,2018Q3,2018Q3,,,,,,
1203,112,12,11212,2018Q3,2018Q3,,,,,,
1203,113,3,11303,2018Q3,2018Q3,,,,,,
1203,113,6,11306,2018Q3,2018Q3,,,,,,
1203,113,9,11309,2018Q3,2018Q3,,,,,,
1203,113,12,11312,2018Q3,2018Q3,,,,,,
1203,114,3,11403,2018Q3,2018Q3,,,,,,
1210,105,3,10503,2018Q3,2018Q3,,,,,,
1210,105,6,10506,2018Q3,2018Q3,,,,,,
1210,105,9,10509,2018Q3,2018Q3,,,,,,
1210,105,12,10512,2018Q3,2018Q3,,,,,,
1210,106,3,10603,2018Q3,2018Q3,,,,,,
1210,106,6,10606,2018Q3,2018Q3,,,,,,
1210,106,9,10609,2018Q3,2018Q3,,,,,,
1210,106,12,10612,2018Q3,2018Q3,,,,,,
1210,107,3,10703,2018Q3,2018Q3,,,,,,
1210,107,6,10706,2018Q3,2018Q3,,,,,,
1210,107,9,10709,2018Q3,2018Q3,,,,,,
1210,107,12,10712,2018Q3,2018Q3,,,,,,
1210,108,3,10803,2018Q3,2018Q3,,,,,,
1210,108,6,10806,2018Q3,2018Q3,,,,,,
1210,108,9,10809,2018Q3,2018Q3,,,,,,
1210,108,12,10812,2018Q3,2018Q3,,,,,,
1210,109,3,10903,2018Q3,2018Q3,,,,,,
1210,109,6,10906,2018Q3,2018Q3,,,,,,
1210,109,9,10909,2018Q3,2018Q3,,,,,,
1210,109,12,10912,2018Q3,2018Q3,,,,,,
1210,110,3,11003,2018Q3,2018Q3,,,,,,
1210,110,6,11006,2018Q3,2018Q3,,,,,,
1210,110,9,11009,2018Q3,2018Q3,,,,,,
1210,110,12,11012,2018Q3,2018Q3,,,,,,
1210,111,3,11103,2018Q3,2018Q3,,,,,,
1210,111,6,11106,2018Q3,2018Q3,,,,,,
1210,111,9,11109,2018Q3,2018Q3,,,,,,
1210,111,12,11112,2018Q3,2018Q3,,,,,,
1210,112,3,11203,2018Q3,2018Q3,,,,,,
1210,112,6,11206,2018Q3,2018Q3,,,,,,
1210,112,9,11209,2018Q3,2018Q3,,,,,,
1210,112,12,11212,2018Q3,2018Q3,,,,,,
1210,113,3,11303,2018Q3,2018Q3,,,,,,
1210,113,6,11306,2018Q3,2018Q3,,,,,,
1210,113,9,11309,2018Q3,2018Q3,,,,,,
1210,113,12,11312,2018Q3,2018Q3,,,,,,
1210,114,3,11403,2018Q3,2018Q3,,,,,,
1213,105,3,10503,2018Q3,2018Q3,,,,,,
1213,105,6,10506,2018Q3,2018Q3,,,,,,
1213,105,9,10509,2018Q3,2018Q3,,,,,,
1213,105,12,10512,2018Q3,2018Q3,,,,,,
1213,106,3,10603,2018Q3,2018Q3,,,,,,
1213,106,6,10606,2018Q3,2018Q3,,,,,,
1213,106,9,10609,2018Q3,2018Q3,,,,,,
1213,106,12,10612,2018Q3,2018Q3,,,,,,
1213,107,3,10703,2018Q3,2018Q3,,,,,,
1213,107,6,10706,2018Q3,2018Q3,,,,,,
1213,107,9,10709,2018Q3,2018Q3,,,,,,
1213,107,12,10712,2018Q3,2018Q3,,,,,,
1213,108,3,10803,2018Q3,2018Q3,,,,,,
1213,108,6,10806,2018Q3,2018Q3,,,,,,
1213,108,9,10809,2018Q3,2018Q3,,,,,,
1213,108,12,10812,2018Q3,2018Q3,,,,,,
1213,109,3,10903,2018Q3,2018Q3,,,,,,
1213,109,6,10906,2018Q3,2018Q3,,,,,,
1213,109,9,10909,2018Q3,2018Q3,,,,,,
1213,109,12,10912,2018Q3,2018Q3,,,,,,
1213,110,3,11003,2018Q3,2018Q3,,,,,,
1213,110,6,11006,2018Q3,2018Q3,,,,,,
1213,110,9,11009,2018Q3,2018Q3,,,,,,
1213,110,12,11012,2018Q3,2018Q3,,,,,,
1213,111,3,11103,2018Q3,2018Q3,,,,,,
1213,111,6,11106,2018Q3,2018Q3,,,,,,
1213,111,9,11109,2018Q3,2018Q3,,,,,,
1213,111,12,11112,2018Q3,2018Q3,,,,,,
1213,112,3,11203,2018Q3,2018Q3,,,,,,
1213,112,6,11206,2018Q3,2018Q3,,,,,,
1213,112,9,11209,2018Q3,2018Q3,,,,,,
1213,112,12,11212,2018Q3,2018Q3,,,,,,
1213,113,3,11303,2018Q3,2018Q3,,,,,,
1213,113,6,11306,2018Q3,2018Q3,,,,,,
1213,113,9,11309,2018Q3,2018Q3,,,,,,
1213,113,12,11312,2018Q3,2018Q3,,,,,,
1213,114,3,11403,2018Q3,2018Q3,,,,,,
1215,105,3,10503,2018Q3,2018Q3,,,,,,
1215,105,6,10506,2018Q3,2018Q3,,,,,,
1215,105,9,10509,2018Q3,2018Q3,,,,,,
1215,105,12,10512,2018Q3,2018Q3,,,,,,
1215,106,3,10603,2018Q3,2018Q3,,,,,,
1215,106,6,10606,2018Q3,2018Q3,,,,,,
1215,106,9,10609,2018Q3,2018Q3,,,,,,
1215,106,12,10612,2018Q3,2018Q3,,,,,,
1215,107,3,10703,2018Q3,2018Q3,,,,,,
1215,107,6,10706,2018Q3,2018Q3,,,,,,
1215,107,9,10709,2018Q3,2018Q3,,,,,,
1215,107,12,10712,2018Q3,2018Q3,,,,,,
1215,108,3,10803,2018Q3,2018Q3,,,,,,
1215,108,6,10806,2018Q3,2018Q3,,,,,,
1215,108,9,10809,2018Q3,2018Q3,,,,,,
1215,108,12,10812,2018Q3,2018Q3,,,,,,
1215,109,3,10903,2018Q3,2018Q3,,,,,,
1215,109,6,10906,2018Q3,2018Q3,,,,,,
1215,109,9,10909,2018Q3,2018Q3,,,,,,
1215,109,12,10912,2018Q3,2018Q3,,,,,,
1215,110,3,11003,2018Q3,2018Q3,,,,,,
1215,110,6,11006,2018Q3,2018Q3,,,,,,
1215,110,9,11009,2018Q3,2018Q3,,,,,,
1215,110,12,11012,2018Q3,2018Q3,,,,,,
1215,111,3,11103,2018Q3,2018Q3,,,,,,
1215,111,6,11106,2018Q3,2018Q3,,,,,,
1215,111,9,11109,2018Q3,2018Q3,,,,,,
1215,111,12,11112,2018Q3,2018Q3,,,,,,
1215,112,3,11203,2018Q3,2018Q3,,,,,,
1215,112,6,11206,2018Q3,2018Q3,,,,,,
1215,112,9,11209,2018Q3,2018Q3,,,,,,
1215,112,12,11212,2018Q3,2018Q3,,,,,,
1215,113,3,11303,2018Q3,2018Q3,,,,,,
1215,113,6,11306,2018Q3,2018Q3,,,,,,
1215,113,9,11309,2018Q3,2018Q3,,,,,,
1215,113,12,11312,2018Q3,2018Q3,,,,,,
1215,114,3,11403,2018Q3,2018Q3,,,,,,
1216,105,3,10503,2018Q3,2018Q3,,,,,,
1216,105,6,10506,2018Q3,2018Q3,,,,,,
1216,105,9,10509,2018Q3,2018Q3,,,,,,
1216,105,12,10512,2018Q3,2018Q3,,,,,,
1216,106,3,10603,2018Q3,2018Q3,,,,,,
1216,106,6,10606,2018Q3,2018Q3,,,,,,
1216,106,9,10609,2018Q3,2018Q3,,,,,,
1216,106,12,10612,2018Q3,2018Q3,,,,,,
1216,107,3,10703,2018Q3,2018Q3,,,,,,
1216,107,6,10706,2018Q3,2018Q3,,,,,,
1216,107,9,10709,2018Q3,2018Q3,,,,,,
1216,107,12,10712,2018Q3,2018Q3,,,,,,
1216,108,3,10803,2018Q3,2018Q3,,,,,,
1216,108,6,10806,2018Q3,2018Q3,,,,,,
1216,108,9,10809,2018Q3,2018Q3,,,,,,
1216,108,12,10812,2018Q3,2018Q3,,,,,,
1216,109,3,10903,2018Q3,2018Q3,,,,,,
1216,109,6,10906,2018Q3,2018Q3,,,,,,
1216,109,9,10909,2018Q3,2018Q3,,,,,,
1216,109,12,10912,2018Q3,2018Q3,,,,,,
1216,110,3,11003,2018Q3,2018Q3,,,,,,
1216,110,6,11006,2018Q3,2018Q3,,,,,,
1216,110,9,11009,2018Q3,2018Q3,,,,,,
1216,110,12,11012,2018Q3,2018Q3,,,,,,
1216,111,3,11103,2018Q3,2018Q3,,,,,,
1216,111,6,11106,2018Q3,2018Q3,,,,,,
1216,111,9,11109,2018Q3,2018Q3,,,,,,
1216,111,12,11112,2018Q3,2018Q3,,,,,,
1216,112,3,11203,2018Q3,2018Q3,,,,,,
1216,112,6,11206,2018Q3,2018Q3,,,,,,
1216,112,9,11209,2018Q3,2018Q3,,,,,,
1216,112,12,11212,2018Q3,2018Q3,,,,,,
1216,113,3,11303,2018Q3,2018Q3,,,,,,
1216,113,6,11306,2018Q3,2018Q3,,,,,,
1216,113,9,11309,2018Q3,2018Q3,,,,,,
1216,113,12,11312,2018Q3,2018Q3,,,,,,
1216,114,3,11403,2018Q3,2018Q3,,,,,,
1217,105,3,10503,2018Q3,2018Q3,,,,,,
1217,105,6,10506,2018Q3,2018Q3,,,,,,
1217,105,9,10509,2018Q3,2018Q3,,,,,,
1217,105,12,10512,2018Q3,2018Q3,,,,,,
1217,106,3,10603,2018Q3,2018Q3,,,,,,
1217,106,6,10606,2018Q3,2018Q3,,,,,,
1217,106,9,10609,2018Q3,2018Q3,,,,,,
1217,106,12,10612,2018Q3,2018Q3,,,,,,
1217,107,3,10703,2018Q3,2018Q3,,,,,,
1217,107,6,10706,2018Q3,2018Q3,,,,,,
1217,107,9,10709,2018Q3,2018Q3,,,,,,
1217,107,12,10712,2018Q3,2018Q3,,,,,,
1217,108,3,10803,2018Q3,2018Q3,,,,,,
1217,108,6,10806,2018Q3,2018Q3,,,,,,
1217,108,9,10809,2018Q3,2018Q3,,,,,,
1217,108,12,10812,2018Q3,2018Q3,,,,,,
1217,109,3,10903,2018Q3,2018Q3,,,,,,
1217,109,6,10906,2018Q3,2018Q3,,,,,,
1217,109,9,10909,2018Q3,2018Q3,,,,,,
1217,109,12,10912,2018Q3,2018Q3,,,,,,
1217,110,3,11003,2018Q3,2018Q3,,,,,,
1217,110,6,11006,2018Q3,2018Q3,,,,,,
1217,110,9,11009,2018Q3,2018Q3,,,,,,
1217,110,12,11012,2018Q3,2018Q3,,,,,,
1217,111,3,11103,2018Q3,2018Q3,,,,,,
1217,111,6,11106,2018Q3,2018Q3,,,,,,
1217,111,9,11109,2018Q3,2018Q3,,,,,,
1217,111,12,11112,2018Q3,2018Q3,,,,,,
1217,112,3,11203,2018Q3,2018Q3,,,,,,
1217,112,6,11206,2018Q3,2018Q3,,,,,,
1217,112,9,11209,2018Q3,2018Q3,,,,,,
1217,112,12,11212,2018Q3,2018Q3,,,,,,
1217,113,3,11303,2018Q3,2018Q3,,,,,,
1217,113,6,11306,2018Q3,2018Q3,,,,,,
1217,113,9,11309,2018Q3,2018Q3,,,,,,
1217,113,12,11312,2018Q3,2018Q3,,,,,,
1217,114,3,11403,2018Q3,2018Q3,,,,,,
1218,105,3,10503,2018Q3,2018Q3,,,,,,
1218,105,6,10506,2018Q3,2018Q3,,,,,,
1218,105,9,10509,2018Q3,2018Q3,,,,,,
1218,105,12,10512,2018Q3,2018Q3,,,,,,
1218,106,3,10603,2018Q3,2018Q3,,,,,,
1218,106,6,10606,2018Q3,2018Q3,,,,,,
1218,106,9,10609,2018Q3,2018Q3,,,,,,
1218,106,12,10612,2018Q3,2018Q3,,,,,,
1218,107,3,10703,2018Q3,2018Q3,,,,,,
1218,107,6,10706,2018Q3,2018Q3,,,,,,
1218,107,9,10709,2018Q3,2018Q3,,,,,,
1218,107,12,10712,2018Q3,2018Q3,,,,,,
1218,108,3,10803,2018Q3,2018Q3,,,,,,
1218,108,6,10806,2018Q3,2018Q3,,,,,,
1218,108,9,10809,2018Q3,2018Q3,,,,,,
1218,108,12,10812,2018Q3,2018Q3,,,,,,
1218,109,3,10903,2018Q3,2018Q3,,,,,,
1218,109,6,10906,2018Q3,2018Q3,,,,,,
1218,109,9,10909,2018Q3,2018Q3,,,,,,
1218,109,12,10912,2018Q3,2018Q3,,,,,,
1218,110,3,11003,2018Q3,2018Q3,,,,,,
1218,110,6,11006,2018Q3,2018Q3,,,,,,
1218,110,9,11009,2018Q3,2018Q3,,,,,,
1218,110,12,11012,2018Q3,2018Q3,,,,,,
1218,111,3,11103,2018Q3,2018Q3,,,,,,
1218,111,6,11106,2018Q3,2018Q3,,,,,,
1218,111,9,11109,2018Q3,2018Q3,,,,,,
1218,111,12,11112,2018Q3,2018Q3,,,,,,
1218,112,3,11203,2018Q3,2018Q3,,,,,,
1218,112,6,11206,2018Q3,2018Q3,,,,,,
1218,112,9,11209,2018Q3,2018Q3,,,,,,
1218,112,12,11212,2018Q3,2018Q3,,,,,,
1218,113,3,11303,2018Q3,2018Q3,,,,,,
1218,113,6,11306,2018Q3,2018Q3,,,,,,
1218,113,9,11309,2018Q3,2018Q3,,,,,,
1218,113,12,11312,2018Q3,2018Q3,,,,,,
1218,114,3,11403,2018Q3,2018Q3,,,,,,
1219,105,3,10503,2018Q3,2018Q3,,,,,,
1219,105,6,10506,2018Q3,2018Q3,,,,,,
1219,105,9,10509,2018Q3,2018Q3,,,,,,
1219,105,12,10512,2018Q3,2018Q3,,,,,,
1219,106,3,10603,2018Q3,2018Q3,,,,,,
1219,106,6,10606,2018Q3,2018Q3,,,,,,
1219,106,9,10609,2018Q3,2018Q3,,,,,,
1219,106,12,10612,2018Q3,2018Q3,,,,,,
1219,107,3,10703,2018Q3,2018Q3,,,,,,
1219,107,6,10706,2018Q3,2018Q3,,,,,,
1219,107,9,10709,2018Q3,2018Q3,,,,,,
1219,107,12,10712,2018Q3,2018Q3,,,,,,
1219,108,3,10803,2018Q3,2018Q3,,,,,,
1219,108,6,10806,2018Q3,2018Q3,,,,,,
1219,108,9,10809,2018Q3,2018Q3,,,,,,
1219,108,12,10812,2018Q3,2018Q3,,,,,,
1219,109,3,10903,2018Q3,2018Q3,,,,,,
1219,109,6,10906,2018Q3,2018Q3,,,,,,
1219,109,9,10909,2018Q3,2018Q3,,,,,,
1219,109,12,10912,2018Q3,2018Q3,,,,,,
1219,110,3,11003,2018Q3,2018Q3,,,,,,
1219,110,6,11006,2018Q3,2018Q3,,,,,,
1219,110,9,11009,2018Q3,2018Q3,,,,,,
1219,110,12,11012,2018Q3,2018Q3,,,,,,
1219,111,3,11103,2018Q3,2018Q3,,,,,,
1219,111,6,11106,2018Q3,2018Q3,,,,,,
1219,111,9,11109,2018Q3,2018Q3,,,,,,
1219,111,12,11112,2018Q3,2018Q3,,,,,,
1219,112,3,11203,2018Q3,2018Q3,,,,,,
1219,112,6,11206,2018Q3,2018Q3,,,,,,
1219,112,9,11209,2018Q3,2018Q3,,,,,,
1219,112,12,11212,2018Q3,2018Q3,,,,,,
1219,113,3,11303,2018Q3,2018Q3,,,,,,
1219,113,6,11306,2018Q3,2018Q3,,,,,,
1219,113,9,11309,2018Q3,2018Q3,,,,,,
1219,113,12,11312,2018Q3,2018Q3,,,,,,
1219,114,3,11403,2018Q3,2018Q3,,,,,,
1220,105,3,10503,2018Q3,2018Q3,,,,,,
1220,105,6,10506,2018Q3,2018Q3,,,,,,
1220,105,9,10509,2018Q3,2018Q3,,,,,,
1220,105,12,10512,2018Q3,2018Q3,,,,,,
1220,106,3,10603,2018Q3,2018Q3,,,,,,
1220,106,6,10606,2018Q3,2018Q3,,,,,,
1220,106,9,10609,2018Q3,2018Q3,,,,,,
1220,106,12,10612,2018Q3,2018Q3,,,,,,
1220,107,3,10703,2018Q3,2018Q3,,,,,,
1220,107,6,10706,2018Q3,2018Q3,,,,,,
1220,107,9,10709,2018Q3,2018Q3,,,,,,
1220,107,12,10712,2018Q3,2018Q3,,,,,,
1220,108,3,10803,2018Q3,2018Q3,,,,,,
1220,108,6,10806,2018Q3,2018Q3,,,,,,
1220,108,9,10809,2018Q3,2018Q3,,,,,,
1220,108,12,10812,2018Q3,2018Q3,,,,,,
1220,109,3,10903,2018Q3,2018Q3,,,,,,
1220,109,6,10906,2018Q3,2018Q3,,,,,,
1220,109,9,10909,2018Q3,2018Q3,,,,,,
1220,109,12,10912,2018Q3,2018Q3,,,,,,
1220,110,3,11003,2018Q3,2018Q3,,,,,,
1220,110,6,11006,2018Q3,2018Q3,,,,,,
1220,110,9,11009,2018Q3,2018Q3,,,,,,
1220,110,12,11012,2018Q3,2018Q3,,,,,,
1220,111,3,11103,2018Q3,2018Q3,,,,,,
1220,111,6,11106,2018Q3,2018Q3,,,,,,
1220,111,9,11109,2018Q3,2018Q3,,,,,,
1220,111,12,11112,2018Q3,2018Q3,,,,,,
1220,112,3,11203,2018Q3,2018Q3,,,,,,
1220,112,6,11206,2018Q3,2018Q3,,,,,,
1220,112,9,11209,2018Q3,2018Q3,,,,,,
1220,112,12,11212,2018Q3,2018Q3,,,,,,
1220,113,3,11303,2018Q3,2018Q3,,,,,,
1220,113,6,11306,2018Q3,2018Q3,,,,,,
1220,113,9,11309,2018Q3,2018Q3,,,,,,
1220,113,12,11312,2018Q3,2018Q3,,,,,,
1220,114,3,11403,2018Q3,2018Q3,,,,,,
1225,105,3,10503,2018Q3,2018Q3,,,,,,
1225,105,6,10506,2018Q3,2018Q3,,,,,,
1225,105,9,10509,2018Q3,2018Q3,,,,,,
1225,105,12,10512,2018Q3,2018Q3,,,,,,
1225,106,3,10603,2018Q3,2018Q3,,,,,,
1225,106,6,10606,2018Q3,2018Q3,,,,,,
1225,106,9,10609,2017Q3,2017Q3,106年09月30日,1.95,105,40.00,4.53,106/2
1225,106,12,10612,2017Q4,2017Q4,106年12月29日,1.88,105,41.05,4.55,106/3
1225,107,3,10703,2018Q1,2018Q1,107年03月31日,1.71,106,64.60,5.00,106/4
1225,107,6,10706,2018Q2,2018Q2,107年06月29日,1.47,106,74.39,5.64,107/1
1101,105,3,10503,2016Q1,2016Q1,,,,,,
1101,105,6,10506,2016Q2,2016Q2,,,,,,
1101,105,9,10509,2016Q3,2016Q3,,,,,,
1101,105,3,10503,2016Q1,2016Q1,,,,,,
1101,105,3,10503,2016Q1,2016Q1,,,,,,
1101,105,3,10503,2016Q1,2016Q1,,,,,,
1225,107,9,10709,2018Q3,2018Q3,107年09月28日,1.45,106,74.78,6.09,107/2
1225,107,12,10712,2018Q4,2018Q4,107年12月28日,1.61,106,96.05,5.53,107/3
1225,108,3,10803,2019Q1,2019Q1,108年03月29日,1.69,107,58.12,4.69,107/4
1225,108,6,10806,2019Q2,2019Q2,108年06月28日,1.53,107,65.22,5.03,108/1
1225,108,9,10809,2019Q3,2019Q3,108年09月27日,2.91,107,34.65,2.81,108/2
1225,108,12,10812,2019Q4,2019Q4,108年12月31日,3.31,107,23.29,2.42,108/3
1225,109,3,10903,2020Q1,2020Q1,109年03月31日,4.06,108,20.65,2.18,108/4
1225,109,6,10906,2020Q2,2020Q2,109年06月30日,3.44,108,24.35,2.52,109/1
1225,109,9,10909,2020Q3,2020Q3,109年09月30日,4.11,108,20.93,2.27,109/2
1225,109,12,10912,2020Q4,2020Q4,109年12月31日,3.47,108,25.30,2.60,109/3
1225,110,3,11003,2021Q1,2021Q1,110年03月31日,2.59,109,31.40,3.58,109/4
1225,110,6,11006,2021Q2,2021Q2,110年06月30日,3.07,109,20.00,2.85,110/1
1225,110,9,11009,2021Q2,2021Q2,,,,,,
1101,105,3,10503,2021Q2,2021Q2,,,,,,
1101,105,6,10506,2021Q2,2021Q2,,,,,,
1101,105,9,10509,2021Q2,2021Q2,,,,,,
1101,105,12,10512,2021Q2,2021Q2,,,,,,
1101,106,3,10603,2021Q2,2021Q2,,,,,,
1101,106,6,10606,2021Q2,2021Q2,,,,,,
1101,106,9,10609,2021Q2,2021Q2,,,,,,
1101,106,12,10612,2021Q2,2021Q2,,,,,,
1101,107,3,10703,2021Q2,2021Q2,,,,,,
1101,107,6,10706,2021Q2,2021Q2,,,,,,
1101,107,9,10709,2021Q2,2021Q2,,,,,,
1101,107,12,10712,2021Q2,2021Q2,,,,,,
1101,108,3,10803,2021Q2,2021Q2,,,,,,
1101,108,6,10806,2021Q2,2021Q2,,,,,,
1101,108,9,10809,2021Q2,2021Q2,,,,,,
1101,108,12,10812,2021Q2,2021Q2,,,,,,
1101,109,3,10903,2021Q2,2021Q2,,,,,,
1101,109,6,10906,2021Q2,2021Q2,,,,,,
1101,109,9,10909,2021Q2,2021Q2,,,,,,
1101,109,12,10912,2021Q2,2021Q2,,,,,,
1101,110,3,11003,2021Q2,2021Q2,,,,,,
1101,110,6,11006,2021Q2,2021Q2,,,,,,
1101,110,9,11009,2021Q2,2021Q2,,,,,,
1101,110,12,11012,2021Q2,2021Q2,,,,,,
1101,111,3,11103,2021Q2,2021Q2,,,,,,
1101,111,6,11106,2021Q2,2021Q2,,,,,,
1101,111,9,11109,2021Q2,2021Q2,,,,,,
1101,111,12,11112,2021Q2,2021Q2,,,,,,
1101,112,3,11203,2021Q2,2021Q2,,,,,,
1101,112,6,11206,2021Q2,2021Q2,,,,,,
1101,112,9,11209,2021Q2,2021Q2,,,,,,
1101,112,12,11212,2021Q2,2021Q2,,,,,,
1101,113,3,11303,2021Q2,2021Q2,,,,,,
1101,113,6,11306,2021Q2,2021Q2,,,,,,
1101,113,9,11309,2021Q2,2021Q2,,,,,,
1101,113,12,11312,2021Q2,2021Q2,,,,,,
1101,114,3,11403,2021Q2,2021Q2,,,,,,
1102,105,3,10503,2021Q2,2021Q2,,,,,,
1102,105,6,10506,2021Q2,2021Q2,,,,,,
1102,105,9,10509,2021Q2,2021Q2,,,,,,
1102,105,12,10512,2021Q2,2021Q2,,,,,,
1102,106,3,10603,2021Q2,2021Q2,,,,,,
1102,106,6,10606,2021Q2,2021Q2,,,,,,
1102,106,9,10609,2021Q2,2021Q2,,,,,,
1102,106,12,10612,2021Q2,2021Q2,,,,,,
1102,107,3,10703,2021Q2,2021Q2,,,,,,
1102,107,6,10706,2021Q2,2021Q2,,,,,,
1102,107,9,10709,2021Q2,2021Q2,,,,,,
1102,107,12,10712,2021Q2,2021Q2,,,,,,
1102,108,3,10803,2021Q2,2021Q2,,,,,,
1102,108,6,10806,2021Q2,2021Q2,,,,,,
1102,108,9,10809,2021Q2,2021Q2,,,,,,
1102,108,12,10812,2021Q2,2021Q2,,,,,,
1102,109,3,10903,2021Q2,2021Q2,,,,,,
1102,109,6,10906,2021Q2,2021Q2,,,,,,
1102,109,9,10909,2021Q2,2021Q2,,,,,,
1102,109,12,10912,2021Q2,2021Q2,,,,,,
1102,110,3,11003,2021Q2,2021Q2,,,,,,
1102,110,6,11006,2021Q2,2021Q2,,,,,,
1102,110,9,11009,2021Q2,2021Q2,,,,,,
1102,110,12,11012,2021Q2,2021Q2,,,,,,
1102,111,3,11103,2021Q2,2021Q2,,,,,,
1102,111,6,11106,2021Q2,2021Q2,,,,,,
1102,111,9,11109,2021Q2,2021Q2,,,,,,
1102,111,12,11112,2021Q2,2021Q2,,,,,,
1102,112,3,11203,2021Q2,2021Q2,,,,,,
1102,112,6,11206,2021Q2,2021Q2,,,,,,
1102,112,9,11209,2021Q2,2021Q2,,,,,,
1102,112,12,11212,2021Q2,2021Q2,,,,,,
1102,113,3,11303,2021Q2,2021Q2,,,,,,
1102,113,6,11306,2021Q2,2021Q2,,,,,,
1102,113,9,11309,2021Q2,2021Q2,,,,,,
1102,113,12,11312,2021Q2,2021Q2,,,,,,
1102,114,3,11403,2021Q2,2021Q2,,,,,,
1103,105,3,10503,2021Q2,2021Q2,,,,,,
1103,105,6,10506,2021Q2,2021Q2,,,,,,
1103,105,9,10509,2021Q2,2021Q2,,,,,,
1103,105,12,10512,2021Q2,2021Q2,,,,,,
1103,106,3,10603,2021Q2,2021Q2,,,,,,
1103,106,6,10606,2021Q2,2021Q2,,,,,,
1103,106,9,10609,2021Q2,2021Q2,,,,,,
1103,106,12,10612,2021Q2,2021Q2,,,,,,
1103,107,3,10703,2021Q2,2021Q2,,,,,,
1103,107,6,10706,2021Q2,2021Q2,,,,,,
1103,107,9,10709,2021Q2,2021Q2,,,,,,
1103,107,12,10712,2021Q2,2021Q2,,,,,,
1103,108,3,10803,2021Q2,2021Q2,,,,,,
1103,108,6,10806,2021Q2,2021Q2,,,,,,
1103,108,9,10809,2021Q2,2021Q2,,,,,,
1103,108,12,10812,2021Q2,2021Q2,,,,,,
1103,109,3,10903,2021Q2,2021Q2,,,,,,
1103,109,6,10906,2021Q2,2021Q2,,,,,,
1103,109,9,10909,2021Q2,2021Q2,,,,,,
1103,109,12,10912,2021Q2,2021Q2,,,,,,
1103,110,3,11003,2021Q2,2021Q2,,,,,,
1103,110,6,11006,2021Q2,2021Q2,,,,,,
1103,110,9,11009,2021Q2,2021Q2,,,,,,
1103,110,12,11012,2021Q2,2021Q2,,,,,,
1103,111,3,11103,2021Q2,2021Q2,,,,,,
1103,111,6,11106,2021Q2,2021Q2,,,,,,
1103,111,9,11109,2021Q2,2021Q2,,,,,,
1103,111,12,11112,2021Q2,2021Q2,,,,,,
1103,112,3,11203,2021Q2,2021Q2,,,,,,
1103,112,6,11206,2021Q2,2021Q2,,,,,,
1103,112,9,11209,2021Q2,2021Q2,,,,,,
1103,112,12,11212,2021Q2,2021Q2,,,,,,
1103,113,3,11303,2021Q2,2021Q2,,,,,,
1103,113,6,11306,2021Q2,2021Q2,,,,,,
1103,113,9,11309,2021Q2,2021Q2,,,,,,
1103,113,12,11312,2021Q2,2021Q2,,,,,,
1103,114,3,11403,2021Q2,2021Q2,,,,,,
1104,105,3,10503,2021Q2,2021Q2,,,,,,
1104,105,6,10506,2021Q2,2021Q2,,,,,,
1104,105,9,10509,2021Q2,2021Q2,,,,,,
1104,105,12,10512,2021Q2,2021Q2,,,,,,
1104,106,3,10603,2021Q2,2021Q2,,,,,,
1104,106,6,10606,2021Q2,2021Q2,,,,,,
1104,106,9,10609,2021Q2,2021Q2,,,,,,
1104,106,12,10612,2021Q2,2021Q2,,,,,,
1104,107,3,10703,2021Q2,2021Q2,,,,,,
1104,107,6,10706,2021Q2,2021Q2,,,,,,
1104,107,9,10709,2021Q2,2021Q2,,,,,,
1104,107,12,10712,2021Q2,2021Q2,,,,,,
1104,108,3,10803,2021Q2,2021Q2,,,,,,
1104,108,6,10806,2021Q2,2021Q2,,,,,,
1104,108,9,10809,2021Q2,2021Q2,,,,,,
1104,108,12,10812,2021Q2,2021Q2,,,,,,
1104,109,3,10903,2021Q2,2021Q2,,,,,,
1104,109,6,10906,2021Q2,2021Q2,,,,,,
1104,109,9,10909,2021Q2,2021Q2,,,,,,
1104,109,12,10912,2021Q2,2021Q2,,,,,,
1104,110,3,11003,2021Q2,2021Q2,,,,,,
1104,110,6,11006,2021Q2,2021Q2,,,,,,
1104,110,9,11009,2021Q2,2021Q2,,,,,,
1104,110,12,11012,2021Q2,2021Q2,,,,,,
1104,111,3,11103,2021Q2,2021Q2,,,,,,
1104,111,6,11106,2021Q2,2021Q2,,,,,,
1104,111,9,11109,2021Q2,2021Q2,,,,,,
1104,111,12,11112,2021Q2,2021Q2,,,,,,
1104,112,3,11203,2021Q2,2021Q2,,,,,,
1104,112,6,11206,2021Q2,2021Q2,,,,,,
1104,112,9,11209,2021Q2,2021Q2,,,,,,
1104,112,12,11212,2021Q2,2021Q2,,,,,,
1104,113,3,11303,2021Q2,2021Q2,,,,,,
1104,113,6,11306,2021Q2,2021Q2,,,,,,
1104,113,9,11309,2021Q2,2021Q2,,,,,,
1104,113,12,11312,2021Q2,2021Q2,,,,,,
1104,114,3,11403,2021Q2,2021Q2,,,,,,
1108,105,3,10503,2021Q2,2021Q2,,,,,,
1108,105,6,10506,2021Q2,2021Q2,,,,,,
1108,105,9,10509,2021Q2,2021Q2,,,,,,
1108,105,12,10512,2021Q2,2021Q2,,,,,,
1108,106,3,10603,2021Q2,2021Q2,,,,,,
1108,106,6,10606,2021Q2,2021Q2,,,,,,
1108,106,9,10609,2021Q2,2021Q2,,,,,,
1108,106,12,10612,2021Q2,2021Q2,,,,,,
1108,107,3,10703,2021Q2,2021Q2,,,,,,
1108,107,6,10706,2021Q2,2021Q2,,,,,,
1108,107,9,10709,2021Q2,2021Q2,,,,,,
1108,107,12,10712,2021Q2,2021Q2,,,,,,
1108,108,3,10803,2021Q2,2021Q2,,,,,,
1108,108,6,10806,2021Q2,2021Q2,,,,,,
1108,108,9,10809,2021Q2,2021Q2,,,,,,
1108,108,12,10812,2021Q2,2021Q2,,,,,,
1108,109,3,10903,2021Q2,2021Q2,,,,,,
1108,109,6,10906,2021Q2,2021Q2,,,,,,
1108,109,9,10909,2021Q2,2021Q2,,,,,,
1108,109,12,10912,2021Q2,2021Q2,,,,,,
1108,110,3,11003,2021Q2,2021Q2,,,,,,
1108,110,6,11006,2021Q2,2021Q2,,,,,,
1108,110,9,11009,2021Q2,2021Q2,,,,,,
1108,110,12,11012,2021Q2,2021Q2,,,,,,
1108,111,3,11103,2021Q2,2021Q2,,,,,,
1108,111,6,11106,2021Q2,2021Q2,,,,,,
1108,111,9,11109,2021Q2,2021Q2,,,,,,
1108,111,12,11112,2021Q2,2021Q2,,,,,,
1108,112,3,11203,2021Q2,2021Q2,,,,,,
1108,112,6,11206,2021Q2,2021Q2,,,,,,
1108,112,9,11209,2021Q2,2021Q2,,,,,,
1108,112,12,11212,2021Q2,2021Q2,,,,,,
1108,113,3,11303,2021Q2,2021Q2,,,,,,
1108,113,6,11306,2021Q2,2021Q2,,,,,,
1108,113,9,11309,2021Q2,2021Q2,,,,,,
1108,113,12,11312,2021Q2,2021Q2,,,,,,
1108,114,3,11403,2021Q2,2021Q2,,,,,,
1109,105,3,10503,2021Q2,2021Q2,,,,,,
1109,105,6,10506,2021Q2,2021Q2,,,,,,
1109,105,9,10509,2021Q2,2021Q2,,,,,,
1109,105,12,10512,2021Q2,2021Q2,,,,,,
1109,106,3,10603,2021Q2,2021Q2,,,,,,
1109,106,6,10606,2021Q2,2021Q2,,,,,,
1109,106,9,10609,2021Q2,2021Q2,,,,,,
1109,106,12,10612,2021Q2,2021Q2,,,,,,
1109,107,3,10703,2021Q2,2021Q2,,,,,,
1109,107,6,10706,2021Q2,2021Q2,,,,,,
1109,107,9,10709,2021Q2,2021Q2,,,,,,
1109,107,12,10712,2021Q2,2021Q2,,,,,,
1109,108,3,10803,2021Q2,2021Q2,,,,,,
1109,108,6,10806,2021Q2,2021Q2,,,,,,
1109,108,9,10809,2021Q2,2021Q2,,,,,,
1109,108,12,10812,2021Q2,2021Q2,,,,,,
1109,109,3,10903,2021Q2,2021Q2,,,,,,
1109,109,6,10906,2021Q2,2021Q2,,,,,,
1109,109,9,10909,2021Q2,2021Q2,,,,,,
1109,109,12,10912,2021Q2,2021Q2,,,,,,
1109,110,3,11003,2021Q2,2021Q2,,,,,,
1109,110,6,11006,2021Q2,2021Q2,,,,,,
1109,110,9,11009,2021Q2,2021Q2,,,,,,
1109,110,12,11012,2021Q2,2021Q2,,,,,,
1109,111,3,11103,2021Q2,2021Q2,,,,,,
1109,111,6,11106,2021Q2,2021Q2,,,,,,
1109,111,9,11109,2021Q2,2021Q2,,,,,,
1109,111,12,11112,2021Q2,2021Q2,,,,,,
1109,112,3,11203,2021Q2,2021Q2,,,,,,
1109,112,6,11206,2021Q2,2021Q2,,,,,,
1109,112,9,11209,2021Q2,2021Q2,,,,,,
1109,112,12,11212,2021Q2,2021Q2,,,,,,
1109,113,3,11303,2021Q2,2021Q2,,,,,,
1109,113,6,11306,2021Q2,2021Q2,,,,,,
1109,113,9,11309,2021Q2,2021Q2,,,,,,
1109,113,12,11312,2021Q2,2021Q2,,,,,,
1109,114,3,11403,2021Q2,2021Q2,,,,,,
1110,105,3,10503,2021Q2,2021Q2,,,,,,
1110,105,6,10506,2021Q2,2021Q2,,,,,,
1110,105,9,10509,2021Q2,2021Q2,,,,,,
1110,105,12,10512,2021Q2,2021Q2,,,,,,
1110,106,3,10603,2021Q2,2021Q2,,,,,,
1110,106,6,10606,2021Q2,2021Q2,,,,,,
1110,106,9,10609,2021Q2,2021Q2,,,,,,
1110,106,12,10612,2021Q2,2021Q2,,,,,,
1110,107,3,10703,2021Q2,2021Q2,,,,,,
1110,107,6,10706,2021Q2,2021Q2,,,,,,
1110,107,9,10709,2021Q2,2021Q2,,,,,,
1110,107,12,10712,2021Q2,2021Q2,,,,,,
1110,108,3,10803,2021Q2,2021Q2,,,,,,
1110,108,6,10806,2021Q2,2021Q2,,,,,,
1110,108,9,10809,2021Q2,2021Q2,,,,,,
1110,108,12,10812,2021Q2,2021Q2,,,,,,
1110,109,3,10903,2021Q2,2021Q2,,,,,,
1110,109,6,10906,2021Q2,2021Q2,,,,,,
1110,109,9,10909,2021Q2,2021Q2,,,,,,
1110,109,12,10912,2021Q2,2021Q2,,,,,,
1110,110,3,11003,2021Q2,2021Q2,,,,,,
1110,110,6,11006,2021Q2,2021Q2,,,,,,
1110,110,9,11009,2021Q2,2021Q2,,,,,,
1110,110,12,11012,2021Q2,2021Q2,,,,,,
1110,111,3,11103,2021Q2,2021Q2,,,,,,
1110,111,6,11106,2021Q2,2021Q2,,,,,,
1110,111,9,11109,2021Q2,2021Q2,,,,,,
1110,111,12,11112,2021Q2,2021Q2,,,,,,
1110,112,3,11203,2021Q2,2021Q2,,,,,,
1110,112,6,11206,2021Q2,2021Q2,,,,,,
1110,112,9,11209,2021Q2,2021Q2,,,,,,
1110,112,12,11212,2021Q2,2021Q2,,,,,,
1110,113,3,11303,2021Q2,2021Q2,,,,,,
1110,113,6,11306,2021Q2,2021Q2,,,,,,
1110,113,9,11309,2021Q2,2021Q2,,,,,,
1110,113,12,11312,2021Q2,2021Q2,,,,,,
1110,114,3,11403,2021Q2,2021Q2,,,,,,
1201,105,3,10503,2021Q2,2021Q2,,,,,,
1201,105,6,10506,2021Q2,2021Q2,,,,,,
1201,105,9,10509,2021Q2,2021Q2,,,,,,
1201,105,12,10512,2021Q2,2021Q2,,,,,,
1201,106,3,10603,2021Q2,2021Q2,,,,,,
1201,106,6,10606,2021Q2,2021Q2,,,,,,
1201,106,9,10609,2021Q2,2021Q2,,,,,,
1201,106,12,10612,2021Q2,2021Q2,,,,,,
1201,107,3,10703,2021Q2,2021Q2,,,,,,
1201,107,6,10706,2021Q2,2021Q2,,,,,,
1201,107,9,10709,2021Q2,2021Q2,,,,,,
1201,107,12,10712,2021Q2,2021Q2,,,,,,
1201,108,3,10803,2021Q2,2021Q2,,,,,,
1201,108,6,10806,2021Q2,2021Q2,,,,,,
1201,108,9,10809,2021Q2,2021Q2,,,,,,
1201,108,12,10812,2021Q2,2021Q2,,,,,,
1201,109,3,10903,2021Q2,2021Q2,,,,,,
1201,109,6,10906,2021Q2,2021Q2,,,,,,
1201,109,9,10909,2021Q2,2021Q2,,,,,,
1201,109,12,10912,2021Q2,2021Q2,,,,,,
1201,110,3,11003,2021Q2,2021Q2,,,,,,
1201,110,6,11006,2021Q2,2021Q2,,,,,,
1201,110,9,11009,2021Q2,2021Q2,,,,,,
1201,110,12,11012,2021Q2,2021Q2,,,,,,
1201,111,3,11103,2021Q2,2021Q2,,,,,,
1201,111,6,11106,2021Q2,2021Q2,,,,,,
1201,111,9,11109,2021Q2,2021Q2,,,,,,
1201,111,12,11112,2021Q2,2021Q2,,,,,,
1201,112,3,11203,2021Q2,2021Q2,,,,,,
1201,112,6,11206,2021Q2,2021Q2,,,,,,
1201,112,9,11209,2021Q2,2021Q2,,,,,,
1201,112,12,11212,2021Q2,2021Q2,,,,,,
1201,113,3,11303,2021Q2,2021Q2,,,,,,
1201,113,6,11306,2021Q2,2021Q2,,,,,,
1201,113,9,11309,2021Q2,2021Q2,,,,,,
1201,113,12,11312,2021Q2,2021Q2,,,,,,
1201,114,3,11403,2021Q2,2021Q2,,,,,,
1203,105,3,10503,2021Q2,2021Q2,,,,,,
1203,105,6,10506,2021Q2,2021Q2,,,,,,
1203,105,9,10509,2021Q2,2021Q2,,,,,,
1203,105,12,10512,2021Q2,2021Q2,,,,,,
1203,106,3,10603,2021Q2,2021Q2,,,,,,
1203,106,6,10606,2021Q2,2021Q2,,,,,,
1203,106,9,10609,2021Q2,2021Q2,,,,,,
1203,106,12,10612,2021Q2,2021Q2,,,,,,
1203,107,3,10703,2021Q2,2021Q2,,,,,,
1203,107,6,10706,2021Q2,2021Q2,,,,,,
1203,107,9,10709,2021Q2,2021Q2,,,,,,
1203,107,12,10712,2021Q2,2021Q2,,,,,,
1203,108,3,10803,2021Q2,2021Q2,,,,,,
1203,108,6,10806,2021Q2,2021Q2,,,,,,
1203,108,9,10809,2021Q2,2021Q2,,,,,,
1203,108,12,10812,2021Q2,2021Q2,,,,,,
1203,109,3,10903,2021Q2,2021Q2,,,,,,
1203,109,6,10906,2021Q2,2021Q2,,,,,,
1203,109,9,10909,2021Q2,2021Q2,,,,,,
1203,109,12,10912,2021Q2,2021Q2,,,,,,
1203,110,3,11003,2021Q2,2021Q2,,,,,,
1203,110,6,11006,2021Q2,2021Q2,,,,,,
1203,110,9,11009,2021Q2,2021Q2,,,,,,
1203,110,12,11012,2021Q2,2021Q2,,,,,,
1203,111,3,11103,2021Q2,2021Q2,,,,,,
1203,111,6,11106,2021Q2,2021Q2,,,,,,
1203,111,9,11109,2021Q2,2021Q2,,,,,,
1203,111,12,11112,2021Q2,2021Q2,,,,,,
1203,112,3,11203,2021Q2,2021Q2,,,,,,
1203,112,6,11206,2021Q2,2021Q2,,,,,,
1203,112,9,11209,2021Q2,2021Q2,,,,,,
1203,112,12,11212,2021Q2,2021Q2,,,,,,
1203,113,3,11303,2021Q2,2021Q2,,,,,,
1203,113,6,11306,2021Q2,2021Q2,,,,,,
1203,113,9,11309,2021Q2,2021Q2,,,,,,
1203,113,12,11312,2021Q2,2021Q2,,,,,,
1203,114,3,11403,2021Q2,2021Q2,,,,,,
1210,105,3,10503,2021Q2,2021Q2,,,,,,
1210,105,6,10506,2021Q2,2021Q2,,,,,,
1210,105,9,10509,2021Q2,2021Q2,,,,,,
1210,105,12,10512,2021Q2,2021Q2,,,,,,
1210,106,3,10603,2021Q2,2021Q2,,,,,,
1210,106,6,10606,2021Q2,2021Q2,,,,,,
1210,106,9,10609,2021Q2,2021Q2,,,,,,
1210,106,12,10612,2021Q2,2021Q2,,,,,,
1210,107,3,10703,2021Q2,2021Q2,,,,,,
1210,107,6,10706,2021Q2,2021Q2,,,,,,
1210,107,9,10709,2021Q2,2021Q2,,,,,,
1210,107,12,10712,2021Q2,2021Q2,,,,,,
1210,108,3,10803,2021Q2,2021Q2,,,,,,
1210,108,6,10806,2021Q2,2021Q2,,,,,,
1210,108,9,10809,2021Q2,2021Q2,,,,,,
1210,108,12,10812,2021Q2,2021Q2,,,,,,
1210,109,3,10903,2021Q2,2021Q2,,,,,,
1210,109,6,10906,2021Q2,2021Q2,,,,,,
1210,109,9,10909,2021Q2,2021Q2,,,,,,
1210,109,12,10912,2021Q2,2021Q2,,,,,,
1210,110,3,11003,2021Q2,2021Q2,,,,,,
1210,110,6,11006,2021Q2,2021Q2,,,,,,
1210,110,9,11009,2021Q2,2021Q2,,,,,,
1210,110,12,11012,2021Q2,2021Q2,,,,,,
1210,111,3,11103,2021Q2,2021Q2,,,,,,
1210,111,6,11106,2021Q2,2021Q2,,,,,,
1210,111,9,11109,2021Q2,2021Q2,,,,,,
1210,111,12,11112,2021Q2,2021Q2,,,,,,
1210,112,3,11203,2021Q2,2021Q2,,,,,,
1210,112,6,11206,2021Q2,2021Q2,,,,,,
1210,112,9,11209,2021Q2,2021Q2,,,,,,
1210,112,12,11212,2021Q2,2021Q2,,,,,,
1210,113,3,11303,2021Q2,2021Q2,,,,,,
1210,113,6,11306,2021Q2,2021Q2,,,,,,
1210,113,9,11309,2021Q2,2021Q2,,,,,,
1210,113,12,11312,2021Q2,2021Q2,,,,,,
1210,114,3,11403,2021Q2,2021Q2,,,,,,
1213,105,3,10503,2021Q2,2021Q2,,,,,,
1213,105,6,10506,2021Q2,2021Q2,,,,,,
1213,105,9,10509,2021Q2,2021Q2,,,,,,
1213,105,12,10512,2021Q2,2021Q2,,,,,,
1213,106,3,10603,2021Q2,2021Q2,,,,,,
1213,106,6,10606,2021Q2,2021Q2,,,,,,
1213,106,9,10609,2021Q2,2021Q2,,,,,,
1213,106,12,10612,2021Q2,2021Q2,,,,,,
1213,107,3,10703,2021Q2,2021Q2,,,,,,
1213,107,6,10706,2021Q2,2021Q2,,,,,,
1213,107,9,10709,2021Q2,2021Q2,,,,,,
1213,107,12,10712,2021Q2,2021Q2,,,,,,
1213,108,3,10803,2021Q2,2021Q2,,,,,,
1213,108,6,10806,2021Q2,2021Q2,,,,,,
1213,108,9,10809,2021Q2,2021Q2,,,,,,
1213,108,12,10812,2021Q2,2021Q2,,,,,,
1213,109,3,10903,2021Q2,2021Q2,,,,,,
1213,109,6,10906,2021Q2,2021Q2,,,,,,
1213,109,9,10909,2021Q2,2021Q2,,,,,,
1213,109,12,10912,2021Q2,2021Q2,,,,,,
1213,110,3,11003,2021Q2,2021Q2,,,,,,
1213,110,6,11006,2021Q2,2021Q2,,,,,,
1213,110,9,11009,2021Q2,2021Q2,,,,,,
1213,110,12,11012,2021Q2,2021Q2,,,,,,
1213,111,3,11103,2021Q2,2021Q2,,,,,,
1213,111,6,11106,2021Q2,2021Q2,,,,,,
1213,111,9,11109,2021Q2,2021Q2,,,,,,
1213,111,12,11112,2021Q2,2021Q2,,,,,,
1213,112,3,11203,2021Q2,2021Q2,,,,,,
1213,112,6,11206,2021Q2,2021Q2,,,,,,
1213,112,9,11209,2021Q2,2021Q2,,,,,,
1213,112,12,11212,2021Q2,2021Q2,,,,,,
1213,113,3,11303,2021Q2,2021Q2,,,,,,
1213,113,6,11306,2021Q2,2021Q2,,,,,,
1213,113,9,11309,2021Q2,2021Q2,,,,,,
1213,113,12,11312,2021Q2,2021Q2,,,,,,
1213,114,3,11403,2021Q2,2021Q2,,,,,,
1215,105,3,10503,2021Q2,2021Q2,,,,,,
1215,105,6,10506,2021Q2,2021Q2,,,,,,
1215,105,9,10509,2021Q2,2021Q2,,,,,,
1215,105,12,10512,2021Q2,2021Q2,,,,,,
1215,106,3,10603,2021Q2,2021Q2,,,,,,
1215,106,6,10606,2021Q2,2021Q2,,,,,,
1215,106,9,10609,2021Q2,2021Q2,,,,,,
1215,106,12,10612,2021Q2,2021Q2,,,,,,
1215,107,3,10703,2021Q2,2021Q2,,,,,,
1215,107,6,10706,2021Q2,2021Q2,,,,,,
1215,107,9,10709,2021Q2,2021Q2,,,,,,
1215,107,12,10712,2021Q2,2021Q2,,,,,,
1215,108,3,10803,2021Q2,2021Q2,,,,,,
1215,108,6,10806,2021Q2,2021Q2,,,,,,
1215,108,9,10809,2021Q2,2021Q2,,,,,,
1215,108,12,10812,2021Q2,2021Q2,,,,,,
1215,109,3,10903,2021Q2,2021Q2,,,,,,
1215,109,6,10906,2021Q2,2021Q2,,,,,,
1215,109,9,10909,2021Q2,2021Q2,,,,,,
1215,109,12,10912,2021Q2,2021Q2,,,,,,
1215,110,3,11003,2021Q2,2021Q2,,,,,,
1215,110,6,11006,2021Q2,2021Q2,,,,,,
1215,110,9,11009,2021Q2,2021Q2,,,,,,
1215,110,12,11012,2021Q2,2021Q2,,,,,,
1215,111,3,11103,2021Q2,2021Q2,,,,,,
1215,111,6,11106,2021Q2,2021Q2,,,,,,
1215,111,9,11109,2021Q2,2021Q2,,,,,,
1215,111,12,11112,2021Q2,2021Q2,,,,,,
1215,112,3,11203,2021Q2,2021Q2,,,,,,
1215,112,6,11206,2021Q2,2021Q2,,,,,,
1215,112,9,11209,2021Q2,2021Q2,,,,,,
1215,112,12,11212,2021Q2,2021Q2,,,,,,
1215,113,3,11303,2021Q2,2021Q2,,,,,,
1215,113,6,11306,2021Q2,2021Q2,,,,,,
1215,113,9,11309,2021Q2,2021Q2,,,,,,
1215,113,12,11312,2021Q2,2021Q2,,,,,,
1215,114,3,11403,2021Q2,2021Q2,,,,,,
1216,105,3,10503,2021Q2,2021Q2,,,,,,
1216,105,6,10506,2021Q2,2021Q2,,,,,,
1216,105,9,10509,2021Q2,2021Q2,,,,,,
1216,105,12,10512,2021Q2,2021Q2,,,,,,
1216,106,3,10603,2021Q2,2021Q2,,,,,,
1216,106,6,10606,2021Q2,2021Q2,,,,,,
1216,106,9,10609,2021Q2,2021Q2,,,,,,
1216,106,12,10612,2021Q2,2021Q2,,,,,,
1216,107,3,10703,2021Q2,2021Q2,,,,,,
1216,107,6,10706,2021Q2,2021Q2,,,,,,
1216,107,9,10709,2021Q2,2021Q2,,,,,,
1216,107,12,10712,2021Q2,2021Q2,,,,,,
1216,108,3,10803,2021Q2,2021Q2,,,,,,
1216,108,6,10806,2021Q2,2021Q2,,,,,,
1216,108,9,10809,2021Q2,2021Q2,,,,,,
1216,108,12,10812,2021Q2,2021Q2,,,,,,
1216,109,3,10903,2021Q2,2021Q2,,,,,,
1216,109,6,10906,2021Q2,2021Q2,,,,,,
1216,109,9,10909,2021Q2,2021Q2,,,,,,
1216,109,12,10912,2021Q2,2021Q2,,,,,,
1216,110,3,11003,2021Q2,2021Q2,,,,,,
1216,110,6,11006,2021Q2,2021Q2,,,,,,
1216,110,9,11009,2021Q2,2021Q2,,,,,,
1216,110,12,11012,2021Q2,2021Q2,,,,,,
1216,111,3,11103,2021Q2,2021Q2,,,,,,
1216,111,6,11106,2021Q2,2021Q2,,,,,,
1216,111,9,11109,2021Q2,2021Q2,,,,,,
1216,111,12,11112,2021Q2,2021Q2,,,,,,
1216,112,3,11203,2021Q2,2021Q2,,,,,,
1216,112,6,11206,2021Q2,2021Q2,,,,,,
1216,112,9,11209,2021Q2,2021Q2,,,,,,
1216,112,12,11212,2021Q2,2021Q2,,,,,,
1216,113,3,11303,2021Q2,2021Q2,,,,,,
1216,113,6,11306,2021Q2,2021Q2,,,,,,
1216,113,9,11309,2021Q2,2021Q2,,,,,,
1216,113,12,11312,2021Q2,2021Q2,,,,,,
1216,114,3,11403,2021Q2,2021Q2,,,,,,
1217,105,3,10503,2021Q2,2021Q2,,,,,,
1217,105,6,10506,2021Q2,2021Q2,,,,,,
1217,105,9,10509,2021Q2,2021Q2,,,,,,
1217,105,12,10512,2021Q2,2021Q2,,,,,,
1217,106,3,10603,2021Q2,2021Q2,,,,,,
1217,106,6,10606,2021Q2,2021Q2,,,,,,
1217,106,9,10609,2021Q2,2021Q2,,,,,,
1217,106,12,10612,2021Q2,2021Q2,,,,,,
1217,107,3,10703,2021Q2,2021Q2,,,,,,
1217,107,6,10706,2021Q2,2021Q2,,,,,,
1217,107,9,10709,2021Q2,2021Q2,,,,,,
1217,107,12,10712,2021Q2,2021Q2,,,,,,
1217,108,3,10803,2021Q2,2021Q2,,,,,,
1217,108,6,10806,2021Q2,2021Q2,,,,,,
1217,108,9,10809,2021Q2,2021Q2,,,,,,
1217,108,12,10812,2021Q2,2021Q2,,,,,,
1217,109,3,10903,2021Q2,2021Q2,,,,,,
1217,109,6,10906,2021Q2,2021Q2,,,,,,
1217,109,9,10909,2021Q2,2021Q2,,,,,,
1217,109,12,10912,2021Q2,2021Q2,,,,,,
1217,110,3,11003,2021Q2,2021Q2,,,,,,
1217,110,6,11006,2021Q2,2021Q2,,,,,,
1217,110,9,11009,2021Q2,2021Q2,,,,,,
1217,110,12,11012,2021Q2,2021Q2,,,,,,
1217,111,3,11103,2021Q2,2021Q2,,,,,,
1217,111,6,11106,2021Q2,2021Q2,,,,,,
1217,111,9,11109,2021Q2,2021Q2,,,,,,
1217,111,12,11112,2021Q2,2021Q2,,,,,,
1217,112,3,11203,2021Q2,2021Q2,,,,,,
1217,112,6,11206,2021Q2,2021Q2,,,,,,
1217,112,9,11209,2021Q2,2021Q2,,,,,,
1217,112,12,11212,2021Q2,2021Q2,,,,,,
1217,113,3,11303,2021Q2,2021Q2,,,,,,
1217,113,6,11306,2021Q2,2021Q2,,,,,,
1217,113,9,11309,2021Q2,2021Q2,,,,,,
1217,113,12,11312,2021Q2,2021Q2,,,,,,
1217,114,3,11403,2021Q2,2021Q2,,,,,,
1218,105,3,10503,2021Q2,2021Q2,,,,,,
1218,105,6,10506,2021Q2,2021Q2,,,,,,
1218,105,9,10509,2021Q2,2021Q2,,,,,,
