代號,代號,代號,1569,1591,1595,1796,1799,1813,2035,2061,2064,2067,2736,2740,2924,3067,3081,3085,3115,3122,3176,3191,3205,3207,3224,3228,3234,3252,3259,3272,3276,3288,3297,3322,3323,3325,3349,3354,3360,3363,3372,3373,3466,3489,3498,3508,3511,3521,3522,3523,3540,3541,3555,3609,3623,3625,3629,3630,3631,3632,3666,3672,3685,3691,3707,3710,3713,4120,4121,4123,4128,4131,4139,4147,4154,4157,4168,4171,4174,4188,4192,4198,4304,4402,4406,4419,4430,4503,4513,4523,4529,4530,4577,4609,4726,4743,4804,4806,4923,4946,4950,4971,4991,5011,5205,5210,5211,5223,5227,5228,5245,5272,5301,5302,5345,5348,5351,5355,5364,5468,5475,5481,5487,5516,5529,5543,5701,5905,6109,6113,6124,6125,6127,6129,6130,6144,6150,6160,6169,6179,6198,6210,6217,6218,6222,6228,6236,6237,6241,6246,6276,6287,6441,6461,6462,6465,6485,6492,6496,6499,6512,6535,6547,6560,6576,6588,6589,6616,6617,6649,6654,6684,6708,6733,6767,6804,6823,6872,6875,6929,8024,8027,8038,8040,8044,8047,8054,8059,8067,8071,8080,8085,8092,8093,8171,8277,8291,8421,8444,8450,8455,8472,8477,8489,8906,8921,8933,8935,9949
公司名稱,公司名稱,公司名稱,濱川,駿吉-KY,川寶,金穎生技,易威,寶利徠,唐榮,風青,晉椿,嘉鋼,富野,天蔥,宏太-KY,全域,聯亞,新零售,富榮綱,笙泉,基亞,雲嘉南,佰研,耀勝,三顧,金麗科,光環,海灣,鑫創,東碩,宇環,點晶,杭特,建舜電,加百裕,旭品,寶德,律勝,尚立,上詮,典範,熱映,德晉,森寶,陽程,位速,矽瑪,鴻翊,御嵿,迎輝,曜越,西柏,博士旺,三一東林,富晶通,西勝,地心引力,新鉅科,晟楠,研勤,光耀,康聯訊,元創精密,碩禾,漢磊,連展投控,新晶投控,友華,優盛,晟德,中天,浩泰,馬光-KY,中裕,樂威科-KY,太景*-KY,醣聯,瑞基,浩鼎,安克,杏國,欣大健康,勝昱,郡都開發,新昕纖,皇家美食,耀億,金雨,福裕,永彰,淳紳,宏易,達航科技,唐鋒,永昕,合一,大略-KY,桂田文創,力士,辣椒,金耘國際,IET-KY,環宇-KY,久陽,中茂,寶碩,蒙恬,安力-KY,立凱-KY,鈺鎧,智晶,笙科,寶得利,太欣,天揚,正能量智能,鈺創,佳總,力麗店,凱鈺,德宏,新華,通泰,雙喜,鉅陞,桓鼎-KY,劍湖山,南仁湖,亞元,亞矽,業強,廣運,九豪,普誠,上亞科技,得利影,撼訊,欣技,昱泉,亞通,瑞築,慶生,中探針,豪勉,立軒,全譜,中湛,驊訊,易通展,臺龍,安鈦克,元隆,廣錠,益得,神盾,威潤,點序,生華科,科懋,益安,啟發電,順藥,高端疫苗,欣普羅,逸達,東典光電,台康生技,特昇-KY,共信-KY,台生材,天正國際,安格,天擎,博晟生醫,台微醫,明係,濾能,浩宇生醫,國邑*,佑全,佑華,鈦昇,長園科,九暘,網家,星雲,安國,凱碩,志旭,能率網通,泰霖,福華,建暐,保銳,天宇,商丞,尚茂,旭源,綠河-KY,霹靂,大拓-KY,夠麻吉,創業家,三貝德,花王,沈氏,愛地雅,邦泰,琉園
14Q1 營益 (億),2014Q1, 營益 (億),-0.66,0.18,1.02,,-0.17,0.11,2.54,0.02,0.5,0.22,0.64,0.23,0.18,-0.06,1.57,-2.36,0.04,0.06,-1.6,-0.09,-0.12,-0.23,0.1,-0.12,0.49,0.16,-0.21,0.75,0.3,-0.14,0.33,0.19,0.32,-0.05,,0,0.26,0.01,-0.15,0.03,0.29,0.38,0.45,-1.1,-0.47,-0.03,0.24,-0.99,0.23,0.54,-0.81,-0.05,0.66,-0.33,-0.1,0.16,0.18,-0.06,0.37,0.42,-0.15,3.44,0,,,0.84,-0.15,-0.02,-0.96,-0.06,-0.25,-0.71,0.03,-0.5,-0.16,-0.14,-1.25,-0.08,-0.39,-1.07,-0.41,-0.27,-0.1,-0.09,0.35,-0.08,0,0.05,-0.06,-0.17,,-0.21,-0.48,-0.19,0.01,,,-0.35,-1.04,0.21,0.36,0.27,-0.08,-0.02,0.09,,-1.22,,0.22,0.31,0.58,-0.28,-0.04,-0.11,-0.18,0.28,0.02,-0.2,-0.87,-0.32,0.08,0.17,0.62,,-0.77,-0.05,0.09,-0.14,-0.35,0.48,-0.15,0.01,-0.07,-0.04,0.15,0.2,-0.22,0.01,-0.1,0.46,0.08,0.11,-0.08,-0.23,0.13,-0.14,0.12,-1.38,0.13,-1.07,,,-0.39,,0.4,,0.42,,,,,,,,,,,,,,,,,,,,,,0.08,-0.18,-0.26,-0.24,2.2,0.1,0.48,0.33,-0.05,0.17,-0.08,-0.23,0,0.08,-0.15,0.05,-0.23,-0.09,0.6,0.35,0.11,,,,-0.03,0.14,0.31,-0.16,0.05
14Q2 營益 (億),2014Q2, 營益 (億),0.11,0.16,1.44,,-0.18,0.12,4.15,-0.05,0.51,0.3,0.31,0.22,0.35,-0.08,1.8,-0.11,0.07,0.13,-2.03,-0.18,0.04,-0.09,0.05,-0.1,0.9,-0.04,-0.37,1.4,0.26,-0.07,0.02,-0.06,0.37,0.15,,0.08,0.49,0.09,-0.01,0.11,0.14,-0.01,0.31,-1.28,-0.39,0.02,0.15,-1.43,0.27,0.63,-0.72,-0.08,0.7,-0.12,-0.14,-1.16,0.18,-0.28,0.71,0.36,-0.08,3.32,0,,,0.39,-0.19,-0.19,-0.79,-0.07,-0.21,-0.55,-0.01,-1.15,-0.17,-0.08,-2.28,-0.09,-0.61,-1.33,-0.38,-0.22,-0.05,-0.1,0.39,-0.06,0.36,-0.1,-0.23,-0.17,,-0.08,-0.13,-0.19,0.2,0.3,,-0.47,-0.07,0.12,0.23,0.21,-0.09,-0.04,0.11,,-1.72,,0.24,0.35,0.15,-0.21,-0.03,-0.1,0.23,0.27,0.01,-0.12,-0.64,-0.27,0.09,-0.56,-0.33,,-0.96,0.47,0.42,-0.17,0.12,1.25,0.28,-0.07,-0.03,-0.04,-0.48,-0.06,-0.14,0.03,-0.07,0.49,0.5,0.21,-0.1,-0.22,0.1,-0.04,0.04,-1.19,0.07,-1.31,0.25,,-0.61,0.11,0.36,,0.46,-0.32,0.41,-0.25,,,,,,,,,,,,,,,,,,,0.24,0.29,-0.34,-0.3,2.06,0.21,0.1,0.5,-0.07,0,-0.09,-0.24,0.02,-0.13,-0.22,0.1,-0.19,-0.12,0.78,0.44,0.15,0.44,0.05,,-0.05,0.17,-0.01,-0.25,-0.05
14Q3 營益 (億),2014Q3, 營益 (億),0.12,0.13,0.9,,-0.26,-0.03,0.63,-0.02,0.38,0.14,0.54,0.35,0.28,-0.06,1.78,-0.05,0.07,0.09,-1.7,-0.17,0.01,0.02,0.01,-0.12,0.69,0.11,-0.39,1.31,-0.13,-0.05,0.17,0.03,-0.04,-0.02,,0.12,0.4,-0.2,-0.14,0.08,0.09,0.07,0.91,-2.84,-0.2,-0.02,0.23,-1.19,0.05,1.06,-0.74,-0.07,0.71,0.04,-0.15,-1.84,0.15,-0.2,0.62,0.19,0.03,3.85,0,,,0.48,-0.29,0.01,-1.3,-0.09,-0.19,-0.82,-0.02,-1.09,-0.17,-0.04,-1.6,-0.14,-0.71,-1.52,-0.23,-0.29,-0.09,-0.12,0.21,-0.05,0.19,-0.09,-0.42,-0.14,,-0.04,-0.55,-0.29,-0.17,-0.07,,-0.48,-0.11,0.39,0.46,0.01,-0.07,0.01,0.05,,-1.58,,0.26,0.26,0.06,-0.18,0,-0.13,0.39,0.42,0.05,-0.1,-0.4,-0.25,0.08,0.06,-0.13,,-0.57,1.04,0.27,-0.13,0.16,-0.2,0.08,-0.04,-0.01,-0.11,-0.51,-0.04,-0.25,0.03,-0.06,0.62,0.76,0.06,-0.15,-0.22,-0.09,-0.02,0.16,-1.33,-0.01,-0.83,,,-0.7,0.11,0.37,,0.52,,0.35,,,0.14,,,,,,,,,,,,,,,,,0.02,0.79,-0.44,-0.27,2.3,0.07,0.02,0.3,-0.06,0.14,-0.04,-0.73,0.01,-0.26,-0.12,0.11,-0.22,-0.24,0.89,0.35,0.12,0.19,0.09,0.25,0,0.11,0.01,0.02,-0.14
14Q4 營益 (億),2014Q4, 營益 (億),-0.37,0.19,0.41,,-0.22,0.03,-2.76,-0.21,0.2,-0.11,0.37,0.07,0.45,0.13,1.92,-0.01,0.03,0.14,-2.05,-0.38,0.09,-0.12,0,-0.44,1.25,0.1,-0.06,0.92,0.02,0.02,0.3,0.13,0.59,-0.12,,0.03,0.93,-0.32,0.38,0.07,-0.18,0.03,1.81,-1.48,0.03,-0.09,0.02,-0.93,-0.2,0.86,-0.9,-0.15,0.6,-0.06,-0.23,-2.02,-0.09,-0.1,0.06,0.19,0.23,4.59,-1.17,,,0.43,-0.35,-0.49,-0.82,-0.05,-0.26,-0.72,0.21,-1.34,-0.1,-0.17,-1.99,-0.14,-0.85,-1.46,-0.23,-0.39,-0.08,-0.11,0.29,-0.07,0.11,-0.28,-0.41,-0.23,,-0.37,-0.17,-0.51,0.66,0.41,,-0.52,-0.09,0.37,0.72,0.01,-0.02,0.09,0.05,,-1.25,,0.24,0.42,-0.03,-0.22,-0.03,-0.12,0.15,0.47,0,-0.03,-0.5,-0.22,0.1,-0.34,-0.11,,-0.87,-0.19,0.11,-0.08,0.11,-1.03,0.22,-0.08,0.06,0.08,-0.5,0.16,-0.33,0.2,-0.08,0.78,0.6,0.05,-0.11,-0.04,-0.08,-0.02,-0.01,-2.28,0,-0.47,,,-0.97,0.21,0.16,-1.63,0.56,-0.89,0.39,-1.67,,0.32,,,,,,,,,,,,,,,,,0.14,0.2,-0.45,-0.15,2.49,0.05,0.1,0.17,-0.01,0.19,-0.14,-0.22,0,-0.37,-0.41,-1.12,-0.23,-0.73,0.79,-2.25,0.08,0.23,0.27,-0.52,-0.02,0.13,0.55,-0.5,0.05
15Q1 營益 (億),2015Q1, 營益 (億),-1.31,0.19,0.88,,-0.36,0.07,-2.29,-0.19,0.4,-0.11,0.62,0.13,0.12,-0.19,2.2,-0.04,-0.03,0.07,-2.04,-0.68,0.24,-0.33,-0.05,-0.1,1.12,0.13,-0.2,0.55,0.06,-0.14,0.11,-0.26,0.38,-0.09,,-0.01,0.28,-0.07,0.23,0.13,-0.09,-0.04,0.36,-1.59,-0.31,-0.06,-0.12,-0.4,0.02,0.65,-0.55,-0.05,0.63,-0.12,-0.22,-2.25,-0.27,0.18,-0.08,0.37,0.17,5.55,-0.89,,,1.42,-0.39,-0.11,-0.9,-0.04,-0.29,-0.65,0.01,-0.83,-0.2,-0.13,-3.75,-0.2,-0.51,-1.81,-0.16,-0.36,-0.1,-0.1,0.52,0,0.3,-0.18,-0.31,-0.16,,-0.23,-0.43,-0.23,-0.04,0.32,,-0.47,-0.11,0.42,0.39,-0.07,-0.04,-0.07,0.04,,-1.18,,0.25,0.25,0.39,-0.25,0,-0.08,0.15,0.29,0.05,-0.01,-0.94,-0.17,0.07,-0.06,-0.18,-0.05,-0.56,0.18,0.12,-0.14,-0.39,-0.34,0.2,-0.35,0.01,0.03,-0.05,0.03,-0.23,0.14,-0.09,0.86,0.52,0.19,-0.15,-0.08,-0.16,-0.07,-0.12,-0.61,-0.09,-0.68,,,-0.35,0.18,0.16,,0.45,-0.31,0.26,-0.45,,,,,,,,,,,,,,,,,,,-0.04,0.24,-0.28,-0.19,2.87,0.16,0.16,0.46,0,0.09,-0.15,-0.18,0,-0.11,-0.39,-0.74,-0.18,0.13,0.95,0.05,0.22,0.24,0.12,,-0.02,0.06,0.81,0.05,-0.12
15Q2 營益 (億),2015Q2, 營益 (億),-1.43,0.08,0.86,0.1,-0.35,0.1,-2.12,-0.1,0.37,-0.33,0.34,0.23,0.19,-0.07,2.62,-0.02,-0.01,0.15,-1.74,-0.25,0.33,-0.19,-0.04,-0.1,0.72,0.06,-0.58,0.44,0.07,-0.24,-0.02,-0.28,-0.11,0,,-0.09,0.22,0.02,-0.6,0.17,-0.08,-0.03,1.74,-0.73,0.35,0,-0.17,-0.57,0.02,0.39,-0.56,-0.06,0.54,0,-0.24,-2.13,-0.31,0.28,-0.13,0.32,0.22,6.13,-0.74,,,0.21,-0.27,-0.29,-0.91,-0.07,-0.14,-1.19,0.02,-1.1,-0.19,-0.04,-1.84,-0.13,-0.4,-1.31,-0.14,-0.45,0.02,-0.08,0.32,0.03,0.15,0.24,-0.39,-0.05,,-0.35,-0.62,-0.23,0.64,0.08,,-0.4,-0.11,0.65,0.68,0.03,-0.05,0.23,0.04,,-1.28,,0.31,0.16,0.28,-0.13,-0.13,-0.1,0.21,0.22,-0.05,0,-1.17,-0.25,0.1,0,-0.16,0.22,-0.8,0.39,0.19,-0.25,-0.51,-0.79,0.19,-0.43,0,0,-1.09,-0.18,-0.39,0.54,-0.08,0.48,0.46,0.13,-0.16,-0.14,-0.12,-0.1,-0.07,0.03,-0.33,-0.73,0.32,,-0.48,0.15,0.23,-1,0.5,-0.41,0.07,-0.6,,0.23,,,,,,,,,,,,,,,,,0.1,-0.01,-0.36,-0.23,2.48,0.11,-0.14,0.28,-0.03,-0.07,-0.23,-0.44,-0.07,-0.2,-0.37,-0.3,-0.15,0.1,0.86,0.44,0.15,0.25,0.08,0.06,-0.04,0.1,0.42,-0.28,-0.19
15Q3 營益 (億),2015Q3, 營益 (億),-0.63,0.12,0.49,0.24,-0.31,0.13,-4.31,-0.21,0.08,-0.14,0.39,0.13,0.05,-0.1,3.2,0,-0.03,-0.02,-1.74,-0.13,0.83,-0.13,0.04,-0.21,3.38,-0.09,-0.56,0.81,-0.02,-0.18,0.02,-0.27,0.44,-0.09,,0.05,0.41,-0.23,-0.82,0.12,-0.18,0.2,1.94,-0.59,0.24,0.15,-0.12,-0.76,0.07,0.43,-0.68,-0.09,0.63,0,-0.21,-1.83,-0.08,0.26,-0.08,0.26,0.19,8.47,-1.76,,,0.61,-0.28,-0.39,-0.97,-0.05,-0.1,-1.89,-0.01,-1.12,-0.25,-0.04,-2.3,-0.15,-0.74,-1.37,-0.22,-0.43,-0.04,-0.05,0.1,0.01,0.05,-0.14,-0.35,-0.04,,0.25,-0.14,-0.21,0.16,-0.05,,-0.28,-0.05,0.57,0.83,0.06,-0.04,-0.19,0.04,,-0.98,,0.51,0.02,-0.28,-0.11,-0.04,-0.1,-0.94,-0.04,0.04,-0.01,-0.96,-0.29,0.05,-0.02,-0.2,0.09,-1.02,1.13,0.36,-0.12,-0.16,0.08,0.22,-0.18,0.01,-0.04,-0.38,-0.12,-0.29,0.44,-0.09,0.45,0.66,0.32,-0.33,-0.04,-0.13,-0.02,-0.05,-0.36,-0.45,-0.72,0.43,-0.26,0.85,0.2,0.4,-0.42,0.44,-0.47,0.22,-1.1,,0.14,,,,,,,,,,,,,,,,,-0.07,0.02,-0.37,-0.31,2.34,0.09,0.02,0,-0.01,-0.34,-0.18,-0.4,-0.05,0.03,-0.22,-0.11,-0.21,-0.01,0.7,0.41,0.15,0.31,0.09,0.25,-0.01,0.11,0.78,-0.05,-0.24
15Q4 營益 (億),2015Q4, 營益 (億),0.65,0.21,0.15,0.55,-0.49,0.09,-2.24,-0.13,0.15,-0.33,0.34,-0.09,0.15,-0.12,3.68,0.08,-0.05,0.21,-2,-0.04,1.63,-0.04,-0.01,-0.18,3.87,-0.03,-0.4,0.67,-0.45,-0.3,0.14,-0.31,0.22,0.18,,0.05,0.11,-0.5,-0.57,0.22,-0.38,-1.17,2.78,-1.11,-0.39,0.16,-0.4,-1.86,-0.03,0.63,-1.11,-0.52,0.59,0.1,-0.22,-1.58,-0.18,0.09,0.49,0.18,0.01,10,-2.01,,,0.39,-0.33,0.33,-0.64,-0.04,-0.22,-1.18,-0.14,-1.26,-0.23,-0.07,-2.74,-0.16,-0.42,-1.45,-0.25,-0.41,-0.04,-0.19,0.28,-0.02,-0.58,-0.19,-1.3,-0.05,,-0.04,-0.22,-0.31,0.99,0.36,,-0.51,-0.02,0.21,1.13,0.11,-0.07,0,0.06,,-0.44,,0.5,0.18,-0.24,-0.17,-0.23,-0.06,-0.7,-0.12,0.06,-0.06,-1.31,-0.4,0.09,-0.03,-0.2,0.42,-0.75,0.14,0.26,-0.14,0.11,1.75,0.26,-0.06,-0.01,0.15,-1.02,0.59,-0.36,0.36,-0.13,0.51,0.87,0.18,-0.65,-0.13,-0.05,0.08,-0.02,0.13,-0.54,-0.77,0.57,-1.2,-0.64,0.27,0.38,-0.54,0.36,-0.63,0.36,-0.39,-1.83,0.11,-3.33,,,,,,,,,,,,,,,,0.03,-0.21,-0.2,-0.07,2.82,0.1,0.1,0.01,-0.08,0.11,-0.33,-0.36,-0.16,-0.15,-0.47,-0.08,-0.16,-0.05,0.44,0.27,0.07,0.16,0.14,0.42,0.01,0.09,0.85,-0.22,-0.04
16Q1 營益 (億),2016Q1, 營益 (億),-0.11,0.18,0.27,0.35,-0.41,0.13,-1.46,-0.04,0.16,-0.06,0.72,-0.09,0.08,-0.19,3.72,-0.03,-0.06,0.14,-1.77,-0.05,1.88,-0.06,-0.08,-0.07,3.11,-0.01,-0.22,0.43,-0.19,-0.2,0.13,-0.2,0.06,0.1,,-0.07,0.29,-0.25,-0.47,0.32,0.04,0.14,1.62,-0.64,-0.22,0.04,-0.07,-0.84,0.27,0.54,0.01,-0.15,0.61,-0.1,-0.12,-1.79,0.09,-0.11,0.35,0.18,-0.06,8.27,-0.97,,,1.78,-0.29,2.18,-0.63,-0.05,-0.23,-0.64,0.02,-0.79,-0.24,-0.05,-2.82,-0.16,-0.48,-1.41,-0.06,-0.2,-0.03,-0.11,0.47,0.08,-0.21,-0.19,-1.55,-0.18,,-0.06,-0.71,-0.21,0.14,0.2,,-0.21,-0.2,0.35,0.91,0.1,-0.05,-0.21,0.07,,-0.76,,0.98,0.1,-0.06,-0.17,-0.08,-0.12,-0.67,-0.25,-0.02,-0.12,-1,-0.12,0.11,-0.07,-0.17,0.12,-0.7,0.46,0.24,0.03,-0.42,1.5,0.24,-0.17,0,-0.08,0.06,0.66,-0.31,0.22,-0.15,0.44,0.18,0.11,-0.12,-0.02,-0.1,-0.13,-0.02,0.1,0.01,-0.72,0.13,,-0.36,0.21,0.51,-0.47,0.28,-0.51,0.32,-0.51,,0.15,,,,,,,,,,,,,,,,,-0.13,-0.49,-0.07,-0.07,3.54,-0.04,-0.1,-0.13,-0.02,-0.08,-0.22,-0.32,0,-0.07,-0.22,-0.28,-0.11,0.28,0.89,0.47,0.34,0.1,0.28,-0.05,-0.01,0.09,0.59,-0.01,-0.07
16Q2 營益 (億),2016Q2, 營益 (億),0.42,0.2,0.32,0.43,-0.56,0.07,2.87,-0.07,0.37,-0.05,0.13,-0.08,0.07,-0.14,3.6,-0.04,-0.02,0.11,-1.82,-0.21,1.38,0.01,-0.19,-0.1,0.95,-0.16,-0.35,0.61,-0.21,-0.45,0.03,-0.32,0.04,-0.06,,-0.19,0.22,0.12,-0.65,0.22,-0.11,0.21,0.07,-1.86,-0.31,0.02,-0.06,-0.68,0.14,0.89,0.07,0.1,0.51,0.11,-0.26,-1.7,-0.06,-0.21,0.32,0.25,-0.04,7.32,-0.59,,,1.12,-0.27,1.19,-0.75,-0.06,-0.17,-0.78,-0.09,-0.37,-0.28,-0.03,-1.54,-0.16,-0.69,-1.18,-0.09,-0.19,0.03,-0.05,0.12,0.06,-0.1,-0.1,-0.96,-0.16,,-0.03,-0.67,-0.28,0.78,-0.13,,-0.1,-0.19,0.53,0.74,0.21,-0.07,0.15,0.06,,-0.01,,0.79,0.23,-0.31,-0.15,-0.1,-0.15,-0.58,-0.06,-0.07,-0.16,-1.65,-0.14,0.16,-0.12,-0.26,0.41,-0.8,0.49,0.22,-0.07,-0.64,-1.68,0.29,-0.17,-0.01,-0.11,0.07,0.26,-0.38,0.63,-0.21,0.41,0.31,0.3,-0.2,-0.09,-0.08,0,-0.05,0.06,-0.17,-0.41,0.35,-0.69,-0.16,0.21,0.52,-0.74,0.38,-0.47,0.11,-0.57,-0.89,0.12,-1.13,,,,,,0.31,,,,,,,,,,0.2,-0.1,-0.1,-0.13,2.43,0.11,-0.07,-0.21,-0.03,-0.13,-0.03,-0.16,-0.13,-0.06,-0.16,-0.21,-0.12,0.27,1.34,0.35,0.19,0.17,0.04,0.4,-0.04,0.09,0.06,-0.23,-0.09
16Q3 營益 (億),2016Q3, 營益 (億),0.86,0.1,0.43,0.24,-0.65,0.01,1.19,-0.08,0.18,-0.2,-0.06,-0.03,0.1,-0.05,2.3,-0.05,-0.11,-0.02,-1.64,-0.08,0.24,0.07,-0.11,0.03,-0.14,0.33,-0.22,0.65,-0.51,-0.14,-0.09,-0.03,0.45,0.19,,0.03,0.47,0.27,-0.75,0.13,-0.21,1.02,-0.09,-1.19,-0.44,-0.03,-0.06,-0.62,0.3,0.92,-0.05,-0.04,0.52,0.38,-0.27,-1.46,0.09,-0.42,0.13,0.31,0.06,4.72,-1.02,,,0.97,-0.2,0.12,-0.75,-0.05,-0.23,-0.56,-0.05,-0.64,-0.24,-0.06,-3.11,-0.14,-0.57,-1.2,-0.14,-0.67,-0.05,-0.07,0.06,0.01,-0.04,-0.23,-3.56,-0.07,,0.21,-0.31,-0.28,0.01,0,,-0.1,-0.09,0.35,1.1,0.07,-0.05,0.01,0.07,,0.17,,0.64,0.3,-0.67,-0.09,-0.1,-0.14,-1.14,-0.02,0.29,-0.18,-0.88,-0.16,0.15,0.04,-0.19,0.07,-0.37,0.98,0.08,-0.11,-0.02,-4.49,0.29,-0.16,0.03,-0.02,-0.01,0.07,-0.6,0.6,-0.12,0.2,0.71,0.05,-0.83,-0.04,-0.13,0.12,-0.12,0.17,-0.04,-0.3,0.43,-0.29,0.33,0.04,0.39,-0.6,0.85,-0.57,0.2,-0.77,-0.42,0.17,-0.91,,-0.43,0,,-0.13,0.55,,,,,,,,,,0.05,-0.16,-0.1,-0.19,2.32,0.18,0.01,-0.07,-0.05,0.05,-0.2,-1.11,-0.08,0.1,-0.51,-0.12,-0.14,0.39,2.1,0.32,0.23,0.21,0.05,0.08,-0.01,0.03,0.32,-0.43,-0.13
16Q4 營益 (億),2016Q4, 營益 (億),1.04,0.22,0.27,0.14,-1.07,-0.19,1.6,0.07,0.5,-0.02,-0.06,-0.17,0.05,0.08,0.87,-0.46,0.13,0.08,-2.28,-0.13,0.08,-0.23,-0.18,-0.07,-0.82,-0.07,-0.02,0.61,-0.17,-0.19,-0.18,0.22,0.57,0.22,,0.1,0.59,0.28,-0.7,-0.16,-0.38,0.62,0.11,-1.19,-0.27,0.01,-0.16,-0.64,0.06,0.82,0.07,-0.26,0.56,0.41,-0.51,-0.84,0,-0.3,0.12,0.19,-0.02,1.59,-0.93,0,,0.83,-0.47,0.81,-0.57,-0.06,-0.18,-1.15,-0.16,-0.58,-0.29,-0.13,-3.65,-0.14,-0.7,-1.28,-0.07,-0.42,0,-0.07,0.43,0.05,0.04,-0.43,-2.78,-0.04,,-0.19,-0.49,-0.36,1.05,0.29,,-0.01,-0.33,0.23,0.3,-0.12,-0.13,0.12,0.05,0.57,0.4,,0.61,0.27,-0.8,-0.12,-0.16,-0.08,-0.95,0.13,0.11,-0.27,-0.25,-0.28,0.07,-0.07,-0.34,0.11,-0.21,-0.01,0.21,-0.08,-0.26,-3.43,0.29,0.11,0.01,-0.4,-0.01,-0.02,-0.47,0.71,-0.08,0.45,0.86,0.28,-0.09,-0.09,-0.15,-0.12,-0.03,-0.18,-0.02,-0.43,0.4,-0.37,1.55,0.05,-0.03,-0.78,0.64,-0.73,0.1,-0.82,-0.89,0.04,-1.07,,-1.38,0.25,,-0.37,0.73,,,,,,,,,,0,-0.48,-0.33,-0.13,2.27,0.12,-0.15,-0.19,0.02,0.95,-0.19,-0.65,-0.04,-0.13,-0.17,-0.62,0,0.09,2.01,0.3,0.15,0.21,0.13,0.13,-0.05,0.05,0.19,-0.26,-0.02
17Q1 營益 (億),2017Q1, 營益 (億),0.98,0.01,0.59,0.07,-0.82,-0.05,3.24,0.07,0.36,-0.37,0.3,-0.21,-0.06,-0.09,1.21,-0.71,0.06,-0.01,-1.74,-0.11,0.08,-0.18,0.02,-0.09,-1.34,-0.06,-0.22,0.24,0.08,-0.04,-0.21,-0.06,0.3,-0.04,,-0.15,0.34,0.24,-1.31,0.18,0.11,0.19,0.54,-0.7,-0.13,-0.18,-0.15,-0.36,0.57,0.87,-0.02,0.03,0.37,0.26,-0.14,-1.04,-0.13,-0.19,-0.09,0.22,0.03,2.2,-0.35,0,,1.81,-0.49,2.03,-1.34,-0.05,-0.04,-0.7,-0.11,-0.5,-0.31,-0.07,-2.07,-0.16,-0.6,-1.22,-0.16,-0.12,0.01,-0.07,0.61,0.18,0.16,-0.29,-0.11,-0.04,,-0.34,-0.68,-0.34,0.22,0.34,,0.03,-0.28,0.23,0.75,-0.31,-0.07,-0.12,0.09,0.47,-0.21,,0.84,0.26,-0.41,-0.17,-0.16,-0.12,-1.26,0.03,-0.09,-0.18,0.53,-0.16,0.11,-0.04,-0.29,-0.16,-0.25,0.43,0.21,-0.12,-0.55,-3.24,0.26,-0.19,-0.04,-0.11,-0.32,-0.53,-0.32,0.55,-0.14,0.65,0.5,0.12,-0.04,-0.04,-0.2,-0.22,-0.03,0.08,0,-0.2,0.26,-0.42,2.71,0.07,-0.08,-0.76,0.73,-0.58,0.06,-0.43,-0.68,-0.02,-1.46,,,0.24,,,0.14,,,,,,,,,,-0.04,-0.05,-0.27,-0.16,2.56,0.16,-0.09,-0.42,-0.03,0.08,-0.37,-0.25,-0.09,-0.16,-0.14,-0.14,0.11,0.42,1.56,0.23,0.28,0.11,0.07,0.29,-0.05,0.02,-0.12,0.01,-0.06
17Q2 營益 (億),2017Q2, 營益 (億),1.16,0,0.57,0.15,-0.77,-0.08,-1.07,-0.04,0.24,-0.19,-0.2,-0.17,-0.11,-0.02,1.75,-0.62,0.01,-0.08,-1.66,-0.07,-0.06,-0.18,0.1,-0.14,-1.22,0.24,-0.45,0.95,0.3,-0.09,-0.18,-0.05,0.65,-0.33,,0.05,0.19,0.39,-1.18,0.1,-0.34,0.08,0.81,-0.85,-0.21,-0.13,-0.42,-0.3,0.16,0.79,-0.06,0.09,0.33,0.33,-0.09,-1.58,-0.09,-0.15,0.14,0.18,0.04,-0.29,0.12,0,,1.26,-0.04,3.18,-0.44,-0.05,0.03,-1.93,-0.1,4.52,-0.42,0.02,-3.15,-0.16,-0.67,-0.95,-0.25,-0.18,-0.03,-0.13,-0.15,0.15,-0.1,-0.26,-0.14,-0.07,,-0.41,-0.31,-0.33,0.49,0.27,,-0.04,-0.27,0.71,1.41,-0.35,-0.09,-0.14,0.04,0.45,-0.54,,0.73,0.25,-0.34,-0.21,-0.15,-0.13,-1.41,-0.09,0.01,-0.19,0.27,-0.12,0.11,-0.07,-0.26,0.04,-0.07,0.39,0.21,-0.11,-0.49,-0.88,0.23,-0.1,-0.04,-0.01,0.32,-0.41,-0.05,0.5,-0.07,0.4,0.53,0.2,-0.04,-0.11,-0.17,-0.24,-0.09,0.1,-0.01,-0.16,0.06,-0.48,0.87,0.08,-0.36,-0.74,0.9,-0.62,0.04,-0.56,-0.8,0.03,-0.95,,-0.91,0.09,,-0.23,0.21,,,,,,,,,,0.18,-0.09,-0.32,-0.1,1.34,0,0.11,-0.41,-0.07,0.33,-0.17,0.01,-0.09,-0.11,-0.23,-0.09,0.03,0.19,2,0.24,0.19,0.13,0.01,0.66,-0.04,-0.01,-0.13,-0.36,-0.11
17Q3 營益 (億),2017Q3, 營益 (億),1.01,0.03,0.38,0.1,-0.85,-0.1,-0.09,0.11,0.23,0.12,-0.03,-0.1,-0.22,-0.06,2.35,-0.77,0.11,-0.14,-1.66,-0.05,-0.36,-0.2,-0.05,-0.09,-1.94,-0.08,-0.25,0.89,0.18,-0.06,-0.19,-0.35,0.62,-0.11,,0.34,-0.05,0.45,-5.29,0.05,-0.6,0.07,0.28,0.05,-0.06,-0.21,-1.23,-0.59,0.42,1.02,-0.08,0.03,0.36,0.42,-0.12,-1.75,0,-0.08,0.48,0.01,-0.01,1.78,0.2,0,,1.52,0.17,1.35,-0.43,-0.06,0.09,-1.06,-0.11,-0.69,-0.41,-0.05,-3.46,-0.14,-0.66,-0.99,-0.16,-0.22,-0.04,-0.08,-0.17,0.16,0.18,-0.35,-0.22,-0.04,,-0.11,0.19,-0.35,-0.06,-0.1,,-0.16,-0.34,0.46,1.01,0.07,-0.04,-0.09,0.04,0.39,-0.4,,0.95,0.31,-0.46,-0.23,-0.26,-0.07,-1.13,-0.28,0.02,-0.21,-0.21,-0.12,0.08,0.09,-0.29,-0.04,-0.27,0.79,0.15,-0.1,-0.65,-0.48,0.23,-0.24,-0.04,0.04,1.66,-0.07,0.43,0.5,-0.05,0.54,0.61,0.26,-0.13,-0.11,-0.2,-0.16,-0.13,0.14,0.03,-0.1,0.95,-0.87,2.14,0.03,-0.23,-1.11,0.91,-0.69,0.04,-0.49,-0.77,0.02,-1.11,0.18,-0.43,0.05,,-0.13,0.55,,,,,,,,,,-0.03,-0.33,-0.29,-0.11,-0.95,0.04,0.08,-0.39,-0.02,0.34,-0.33,-0.15,-0.08,0.07,-0.25,-0.02,-0.11,0.13,1.91,0.33,0.17,0.15,0.01,0.88,0.02,0.01,-0.07,-0.26,-0.1
17Q4 營益 (億),2017Q4, 營益 (億),1.3,-0.01,0.21,0.04,-0.82,-0.19,-0.32,-0.04,0.26,0.04,-0.03,-0.05,-0.26,-0.03,2.62,-1.49,0.09,-0.01,-1.42,-0.11,-0.48,-0.47,0.04,-0.1,-1.37,-0.09,0.16,0.34,0.08,0.07,-0.2,-0.16,0.55,-0.13,,0.37,-0.18,0.05,-0.42,0,-0.63,-0.04,0.47,1.86,-0.18,-0.08,0.5,-0.48,0.21,0.76,-0.13,0.06,0.32,0.37,-0.03,-1.66,-0.03,-0.29,0.22,0.1,-0.06,-3.81,0.39,-0.07,,-0.24,0.09,2.32,-0.25,-0.06,0.31,-1.77,-0.14,-0.73,-0.47,-0.12,-3.21,-0.18,-0.67,-0.95,-0.11,-0.25,0,-0.04,0.26,0.05,0.04,-0.42,-0.23,-0.07,,-0.23,-0.41,-0.37,0.63,-2.76,,0.02,-0.71,0.39,1.33,0.12,0.01,-0.04,0.04,0.2,-0.63,,0.87,0.23,-0.42,-0.23,-0.14,-0.07,-0.98,-0.21,-0.09,-0.22,0.62,-0.1,0.1,0.05,-0.01,-0.26,-0.36,0.06,-0.01,-0.13,-0.16,-0.81,0.15,-0.01,-0.02,0.04,0.84,0.42,-0.61,0.21,-0.06,0.35,0.4,0.37,-0.05,-0.01,0.01,-0.08,-0.07,0.04,-0.06,-0.15,0.59,-0.7,2.05,-0.06,-0.14,-1.15,0.71,-0.85,0.09,-0.47,-1.11,0.03,-0.91,2.05,-0.41,0.07,,-0.17,0.29,,,,,,,,,,0.04,-0.37,-0.29,-0.06,-5.04,0,-0.17,-0.51,-0.16,0.27,-0.3,-0.24,-0.07,-0.02,-0.21,-0.16,-0.02,0.29,0.45,-0.28,0.08,0.06,0.01,1,0.02,0.03,-0.05,-0.31,0.04
18Q1 營益 (億),2018Q1, 營益 (億),0.38,-0.01,0.44,0.01,-0.52,-0.07,-1.61,0.06,0.29,0.06,-0.02,-0.13,-0.31,-0.11,2.31,0.02,-0.04,-0.06,-1.58,-0.19,-0.28,-0.28,-0.14,0.32,-0.58,0,-0.28,-0.13,0.16,-0.08,-0.14,-0.74,0.08,-0.32,,0.17,0.05,0.2,-0.37,0.04,-0.66,0.14,-0.05,0.43,-0.22,-0.16,-0.04,-0.48,0.63,0.37,-0.08,0.02,0.19,0.07,-0.08,-1.87,-0.07,-0.27,-0.25,0.22,0.04,0.94,0.5,-1.58,,1.66,-0.1,3.66,-0.45,-0.05,-0.12,0.88,-0.09,-0.47,-0.74,0.08,-2.16,-0.17,-0.52,-0.8,-0.09,-0.18,-0.06,-0.08,0.38,0.12,0.09,-0.37,-0.24,-0.05,,-0.37,-0.7,-0.26,-0.04,0.07,,-0.01,-0.37,0.51,0.9,0.08,-0.08,-0.1,0.02,0.36,-1.13,,0.69,0.01,-0.32,-0.19,-0.19,-0.1,-1.59,-0.28,-0.33,-0.18,0.48,-0.11,0.05,0.02,-0.16,0.05,-0.12,0.05,-0.1,-0.09,-0.25,-2.87,0,-0.38,-0.05,-0.04,4.05,0.03,-0.44,0.11,0.06,0.36,-0.01,0.21,-0.05,-0.03,-0.11,0.07,-0.07,0.14,-0.03,-0.27,0.02,-0.55,3.1,-0.04,-0.01,-0.64,0.75,3.57,0.04,-0.29,-0.86,0.08,-1.03,,-1.01,-0.14,,-0.16,0.31,,,,,,,,,,-0.16,0.16,-0.28,-0.22,-7.98,-0.07,-0.06,-0.37,-0.13,0.24,-3.13,-0.15,0.02,0.18,-0.21,0.25,0,0.27,-0.5,0.37,0.2,0.04,0.16,1.16,0,0,-0.2,-0.22,-0.09
18Q2 營益 (億),2018Q2, 營益 (億),0.37,0.17,0.53,0.01,-0.59,-0.05,-0.81,0.05,0.12,0.18,-0.16,-0.09,-0.26,-0.12,1.71,-0.33,-0.13,-0.07,-1.94,-0.15,-0.23,-0.27,-0.15,0.25,-0.25,0.17,0,0.2,-0.05,0.04,-0.07,-0.29,1.11,-0.33,,0.01,0.43,0.05,-0.48,0.01,-0.25,0.23,-0.41,-1.06,-0.07,-0.08,-0.44,-0.41,0.32,0.33,-0.12,0.07,0.18,0.29,-0.08,-2.06,-0.07,-0.12,-0.37,0.06,0.18,0.66,1.23,-1.93,,0.89,0.02,5.87,-0.41,-0.08,-0.14,-1.37,-0.1,-0.61,-1.03,0.03,-3.21,-0.18,-0.71,-0.69,-0.2,-0.3,-0.03,-0.07,0.41,0.12,0.64,-0.49,-0.26,-0.05,,-0.39,-0.79,-0.24,-0.07,0.09,,-0.09,-0.48,0.02,1.21,0.13,-0.04,-0.26,-0.07,0.29,-1.55,,0.35,-0.02,-0.07,-0.21,-0.19,1.66,-0.89,-0.39,-0.1,-0.17,0.24,-0.16,0.1,0.09,-0.36,0.05,-0.26,0.2,-0.04,-0.1,0.16,-3.19,0.24,-0.2,-0.05,-0.1,0.04,0.05,-0.24,-0.06,0.02,0.32,0.24,0.29,0.07,-0.13,-0.12,-0.16,-0.1,-0.08,0.04,0.06,0.04,-0.64,2.58,-0.11,0.06,-1.35,0.67,-0.65,-0.04,-0.4,-1.28,0.18,-1.49,0.19,-0.73,0.07,,-0.17,0.89,,,,,,,,,,0.07,0.16,-0.25,-0.18,-6.19,-0.03,0.23,-0.39,-0.21,0.38,-0.43,0.01,0.02,-0.15,-0.17,-0.1,-0.08,-0.1,0.2,0.08,0.14,-0.05,0.15,1.52,-0.01,-0.03,-0.33,-0.33,-0.11
18Q3 營益 (億),2018Q3, 營益 (億),0.52,0.22,0.75,0,-0.4,-0.11,-5.33,-0.1,0.13,0.27,-0.14,-0.14,-0.31,-0.01,1.84,-0.4,-0.3,-0.14,-1.64,-0.06,-0.26,-0.07,-0.22,-0.11,-0.29,0.37,0,0.64,-0.36,0.01,-0.18,0,0.76,0.19,,0.31,0.4,0.32,-0.51,0.08,0.16,0.1,-0.12,-0.95,0.44,-0.06,-0.92,-0.47,0.36,0.61,-0.08,0.02,0.2,0.36,-0.02,0.03,-0.06,-0.1,-0.01,0.02,0.81,-0.33,1.24,-0.26,,1.16,0.09,3.39,-0.25,-0.07,-0.05,-1.51,0.06,-0.67,-0.56,0.01,-4.4,-0.23,-0.81,-0.41,-0.14,-0.21,-0.01,-0.08,0.27,0.06,0.33,-0.48,-0.23,-0.04,,0.1,-0.62,-0.44,-0.35,-0.14,,-0.12,-0.37,0.04,1.18,0.19,-0.05,-0.13,-0.04,0.83,-1.81,,0.32,-0.16,-0.02,-0.17,-0.2,-0.08,-0.98,-0.31,0.13,-0.17,-0.08,-0.07,0.05,0.2,-0.29,0.07,-0.28,0.51,-0.01,-0.09,0.16,-2.56,0.27,-0.07,-0.04,-0.06,-0.6,0.41,-0.09,0.24,-0.06,0.07,0.18,0.19,0.14,-0.12,-0.17,-0.21,-0.12,0.19,0.02,-0.03,0.32,-0.57,2.31,-0.09,0.33,-0.9,0.71,-0.64,0.02,-0.13,-0.91,0.22,-1.23,0.18,-0.95,0.22,,-0.18,1.3,,,,,,,,,,0.01,0.02,-0.24,-0.16,-2.9,0.03,0.19,-0.37,-0.16,0.56,-0.2,0.06,-0.05,-0.22,-0.15,-0.15,-0.12,0.14,0.02,-0.02,0.26,-0.09,0.05,1.53,0,-0.01,-0.02,-0.25,-0.12
18Q4 營益 (億),2018Q4, 營益 (億),0.8,0.17,0.43,0.07,-0.42,-0.1,-6.18,-0.08,0.19,0.22,-0.01,-0.3,-0.21,-0.05,2.57,-2.32,-0.11,-0.1,-2.47,-0.12,-0.37,-0.2,-0.31,0,-0.74,0.99,0.01,0.32,-0.41,-0.03,-0.17,0.18,0.21,0.15,,-0.01,0.56,1.06,-4.67,-0.02,0.05,0.03,-0.99,-0.96,0.48,-0.01,0.27,-0.43,0.09,1.04,-0.17,-0.01,0.19,0.49,-0.04,-0.42,-0.06,-0.37,-0.24,0.09,0.02,-1.15,0.09,-1.71,-0.67,-0.16,-0.09,-0.04,-0.21,-0.06,0.12,-1.21,-0.37,-0.84,-0.89,-0.01,-4.51,-0.22,-0.97,-0.48,-0.16,-0.19,-0.02,-0.08,0.58,0.07,0.06,-0.73,-0.2,-0.03,,-0.33,-1.11,-0.38,-0.01,-2.11,,0.29,-0.44,0.05,0.58,0.23,-0.03,0.09,-0.02,0.6,-1.74,,0.28,-0.15,-0.01,-0.23,-0.26,-0.14,-3.03,-0.49,-0.01,-0.2,-0.59,-0.26,0.04,0.34,-0.44,0.12,-0.39,-0.22,0.14,-0.09,0.81,-1.91,0.07,-0.24,-0.13,0.04,-1.81,0.1,-0.12,0.69,0.1,0.29,0.22,0.51,0.02,-0.04,-0.14,-0.58,-0.06,0.05,0,0,0.14,-0.55,-0.73,-0.12,0.29,-0.99,0.7,-0.52,0.02,-0.57,-1.61,0.12,-1.69,0.11,-1.07,0.38,,-0.17,0.9,,,-1.66,-0.4,,,,,,0.02,0.52,-0.14,-0.08,-0.2,0.04,-0.03,-0.46,-0.16,0.78,0.08,-0.53,-0.02,-0.13,-0.16,-0.67,-0.43,0,-0.86,0.01,-0.21,0.05,-0.06,1.19,0.02,0.03,-10.4,-0.18,-0.05
19Q1 營益 (億),2019Q1, 營益 (億),0.39,0.07,0.07,-0.04,-0.54,0.05,-1.37,-0.03,-0.19,-0.13,0.2,-0.22,-0.26,-0.2,0.93,-0.79,-0.12,-0.2,-1.82,-0.02,-0.26,-0.09,-0.31,-0.07,-0.9,0.01,-0.46,0.17,-0.42,-0.05,-0.19,-0.39,-0.78,0.12,,-0.1,0.41,0.43,-0.45,-0.03,0.32,0.03,-0.21,-0.82,0.35,-0.05,-0.06,-0.33,0.39,0.88,-0.21,0,0.04,-0.08,-0.02,0.81,-0.03,-0.24,-0.33,0.08,0.01,0.78,-0.92,-1.67,0.04,1.35,-0.03,0.17,-0.33,-0.05,-0.21,-0.66,0.01,-0.59,-0.64,0.26,-2.6,-0.11,-0.64,-0.38,-0.01,-0.1,-0.08,-0.05,0.28,0.09,-0.14,-0.45,-0.19,-0.04,,-0.02,-0.59,-0.38,0.08,-0.67,,-0.12,-0.44,0.22,0.14,0.16,-0.03,-0.27,-0.03,0.36,-0.99,,-0.17,-0.12,0.08,-0.2,-0.24,-0.08,-1.87,-0.2,-0.1,-0.18,-0.16,-0.13,-0.09,0.13,-0.44,0.12,-0.29,0.02,0.07,-0.17,0.55,-1.23,-0.64,-0.32,-0.05,-0.07,-0.17,-0.19,-0.28,0.07,-0.05,0.24,0.26,0.43,0.02,-0.04,-0.09,-0.28,0.02,-0.13,0.02,-0.48,-0.02,-0.67,1.55,-0.08,0.07,-1.38,0.2,-0.61,-0.02,-0.86,-1.37,0.02,-0.38,0.1,-1.49,0.27,,-0.17,0.33,,,,,,,,,,-0.13,-0.48,-0.01,-0.2,0.74,-0.12,-0.12,0.02,-0.15,0.56,-0.1,-0.24,-0.02,-0.24,-0.13,-0.35,-0.13,0.03,-0.57,-0.36,0.53,0.09,0.21,0.63,-0.04,0.01,-0.47,0.04,-0.09
19Q2 營益 (億),2019Q2, 營益 (億),0.33,0.1,0.6,-0.09,-0.58,0.06,-2.99,-0.02,0.01,0.05,-0.2,-0.21,-0.22,-0.05,1.63,-0.37,-0.09,-0.12,-1.78,-0.65,-0.25,0.04,-0.26,-0.15,-0.89,0.02,-0.34,0.2,-0.76,0.02,-0.15,-0.49,0.84,0.03,,0.1,0.69,0.47,-0.22,0.1,0.16,0.27,-1.68,-0.85,0.58,0.92,-0.65,-0.3,0.15,0.94,-0.36,-0.02,-0.02,0.22,-0.03,1.93,-0.11,-0.62,-0.04,-0.05,0.05,1.02,-1.09,-0.82,0.13,0.9,0.07,-0.36,-0.44,-0.05,-0.11,-0.75,-0.22,-0.68,-0.8,0.23,-4.14,-0.04,-1.24,-0.21,-0.05,-0.13,-0.06,-0.06,0.16,0.07,0.15,-0.35,-0.21,-0.04,,-0.27,-0.35,-0.53,0.05,-0.2,,-0.4,-0.59,0.2,1.1,-0.03,-0.04,-0.08,0.41,0.23,-0.49,,0.01,0.01,-0.74,-0.2,-0.34,-0.07,-1.55,-0.4,-0.09,-0.12,-0.59,-0.16,0,0.13,-0.44,0.12,-0.27,0.06,0.03,-0.13,0.66,-2.26,-0.4,-0.1,-0.05,-0.05,-0.39,0,-0.25,0.16,-0.05,0.51,0.11,0.34,0.05,-0.08,-0.08,-0.22,0.02,-0.13,0.13,-0.61,0.04,-0.75,2.34,-0.09,0.22,-0.96,0.22,-0.67,-0.06,-0.68,-1.59,0.22,-1.73,0.21,-1.31,0.36,,-0.22,0.01,-0.05,,-0.76,-0.22,,,,,,0.12,0.29,-0.09,0.06,0.47,-0.2,-0.37,0.03,-0.15,0.51,-0.12,-0.3,-0.1,-0.33,-0.35,-0.2,-0.09,-0.02,-0.08,-0.18,0.42,0.09,0.12,0.54,-0.01,0,-1.82,0.02,-0.09
19Q3 營益 (億),2019Q3, 營益 (億),0.43,-0.08,0.11,0,-0.5,0.01,-0.32,-0.06,-0.2,-0.05,-0.17,-0.19,-0.22,-0.03,1.62,-0.51,-0.11,-0.06,-1.74,-0.72,-0.29,0.05,-0.3,-0.25,-0.17,-0.04,-0.36,0.49,-0.59,0,-0.15,-0.14,1.17,0.3,,0.31,0.64,0.07,0.15,0.14,0.07,0.13,-1.22,-0.83,0.75,0.39,-1.05,-0.31,0.27,0.75,-0.13,-0.01,-0.11,0.46,-0.01,1.4,-0.19,-0.34,0.19,-0.16,0.05,0.11,-1.75,-0.28,-0.24,0.77,0.08,-0.04,-0.43,-0.03,0.06,-2.49,-0.08,-0.67,-0.81,0.23,-3.37,-0.17,-1.13,-0.28,-0.04,-0.14,-0.13,-0.05,-0.26,0.04,-0.06,-0.12,-0.29,-0.03,,-0.23,-0.96,-0.88,-0.09,-0.26,,-0.18,-0.31,0.23,0.72,-0.2,-0.04,-0.13,-0.05,0.73,-0.53,,0.22,0.06,-1.55,-0.2,-0.39,-0.06,-0.83,-0.45,0.11,-0.12,-0.54,-0.05,0.17,0.05,-0.01,0.1,-0.3,0.65,0.01,-0.26,0.71,-0.39,-0.36,-0.12,-0.06,-0.01,-0.03,0.1,-0.18,0.4,-0.07,0.51,0.55,-0.15,0.04,-0.05,-0.05,-0.36,-0.02,-0.14,0.09,-0.64,-0.07,-0.77,3.73,-0.09,0.29,-0.82,0.21,-0.69,-0.07,-0.6,-1.22,0.04,-1.71,0.14,-2.93,0.39,,-0.16,-0.04,,,-0.44,-0.12,,,,,,-0.03,-0.22,-0.08,0.17,1.05,0,-0.31,0.25,0,0.48,-0.1,-0.48,-0.12,-0.28,-0.3,-0.2,-0.14,0.08,-0.67,0.06,0.07,0.09,0.03,0.58,0.04,0.01,-0.09,0.09,-0.12
19Q4 營益 (億),2019Q4, 營益 (億),1.44,-0.18,0.48,-0.1,-0.54,-0.18,-5.47,0.01,-0.13,-0.25,0.12,-0.14,-0.19,0.01,1.16,-0.53,-0.07,-0.09,-2.29,-0.5,-0.25,0.03,-0.29,0.02,-1.11,-0.08,-0.03,0.51,-0.44,-0.02,-0.12,0.48,0.72,0.37,-0.38,0.05,0.34,-0.01,-0.09,0.1,0.04,0.14,-0.8,-0.8,0.57,-0.03,0.25,-0.21,0.23,1.09,-0.17,0.06,-0.05,0.37,0.41,0.89,-0.03,-0.36,0.13,-0.13,0.17,-0.16,-2.07,-0.41,-0.2,0.35,-0.14,-0.67,-0.42,-0.06,0.41,-0.01,-0.16,-0.84,-0.45,0.4,-5.65,-0.24,-1.16,-0.37,-0.05,-0.1,-0.03,-0.04,-0.22,0.05,0.06,-0.6,-0.6,-0.04,0.47,-0.33,-0.4,-1.33,-0.17,-0.34,0.16,-0.18,-0.28,0.13,1.07,-0.44,-0.06,-0.03,-0.05,0.5,-0.78,-0.18,0.02,0.04,-1.5,-0.24,-0.41,-0.04,-0.98,-0.41,0.02,-0.06,0.62,-0.12,0.05,0.16,-0.25,0.14,-0.13,0.02,0.07,0.02,0.63,-3.56,0.2,-0.13,0.01,-0.15,-0.24,-0.05,0.22,0.57,-0.06,0.67,0.14,0.41,0.08,-0.1,-0.07,-0.22,-0.01,-0.06,0.12,-0.92,0.05,-0.8,3.42,0.04,0.31,-0.78,0.23,-0.61,-0.01,0.64,-1.87,0.07,-0.88,0.31,-2.74,0.3,,-0.18,-0.01,0.01,,-0.47,-0.06,0.76,0.51,,,,-0.13,-0.63,-0.09,0.16,0.52,0.1,-0.21,-0.04,-0.12,0.7,-0.07,-0.53,-0.08,0,-0.1,-0.14,-0.19,0.11,-1.36,-0.29,-0.02,0.1,0.03,0.35,0.01,0.04,-0.45,0.07,0.02
22Q1 營益 (億),2022Q1, 營益 (億),1.49,0.34,0.33,0.22,-0.54,-0.16,2.68,0.04,0.25,-0.17,0.32,-0.08,-0.23,-0.02,0.11,-0.1,-0.05,0.39,-1.82,-0.11,-0.23,0.05,0.02,0.77,-0.1,0.17,-0.28,-0.72,0.25,0.01,-0.04,0.18,0.61,-0.51,-0.06,-0.2,0.48,0.4,0.42,-0.06,-0.43,-0.04,-0.3,-0.51,0.81,-0.14,-0.34,-0.29,-0.63,1.07,-0.08,-0.09,-0.09,-0.14,-0.47,-1.51,-0.11,-0.07,-0.27,0.03,-0.03,-0.27,3.13,-0.63,0.08,0.49,0.27,1.69,-0.96,-0.06,0.06,-1.02,-0.03,-0.7,-0.38,1.14,-4.07,-0.11,-0.43,-0.35,-0.16,-0.01,-0.01,0.04,0.32,-0.19,0.04,-0.1,-0.18,-0.03,0.68,-0.27,0.16,-2.24,-0.36,-0.18,0.57,-0.17,-0.13,0.53,-0.15,0.77,-0.04,0.01,-0.09,0.82,-1,0.21,0.51,0.24,-0.2,-0.2,-0.16,-0.01,1.92,-0.39,-0.02,0.12,-0.87,-0.07,0.06,0.28,-0.15,0.03,-0.1,-0.56,0.05,0.25,0.76,-0.32,0.13,0.3,-0.04,0,1.97,0.01,-0.06,-0.14,-0.04,0.19,0.73,0.21,-0.04,-0.09,-0.01,-0.16,0.01,-0.01,-0.13,0.51,-0.23,-0.67,-0.52,-0.18,1.78,-0.79,-0.1,0.41,-0.01,-0.6,-1.52,0.19,-1.2,0,-0.35,0.3,,-0.06,0.06,0.45,0.04,-0.54,-0.07,0.35,0.18,,,,0.16,1.21,-0.1,0.37,0.01,0,0.26,-0.2,-0.02,0.16,0,-0.09,0,-0.33,0.24,-0.15,-0.11,-0.32,-0.04,-0.55,0.12,-0.15,-0.28,0.18,0,-0.08,0.28,0.02,-0.11
22Q2 營益 (億),2022Q2, 營益 (億),1,0.2,0.37,0.33,-0.38,-0.2,-0.02,0.05,0.25,-0.18,-0.37,-0.15,-0.31,-0.07,0.92,-0.08,-0.06,0.04,-3.5,-0.02,-0.27,0.31,-0.17,0.07,0.04,0.12,-0.24,-0.91,0.23,0.05,-0.03,0.1,0.16,-0.33,-0.22,-0.25,0.34,0.25,0.2,-0.03,-0.26,-0.02,-1.12,-0.51,1.11,-0.14,-0.87,-0.38,-0.18,0.82,-0.09,-0.14,-0.05,0.1,-0.41,-1.45,-0.16,0.01,-0.54,0,-0.32,-0.2,3.24,-0.39,0.33,-0.27,1.42,1.01,-0.02,-0.16,0.08,-0.56,0.07,-0.99,-0.6,1.58,-4.77,-0.13,-0.4,-0.2,-0.14,-0.02,0.04,-0.27,-0.08,-0.13,0.22,-0.19,0.41,-0.05,0.64,-0.29,-1.23,5.77,-0.27,-0.12,0.73,-0.19,-0.34,0.67,-0.08,0.5,-0.05,0.01,0.16,0.51,-0.83,0.08,0.74,0.18,-0.22,-0.19,-0.13,0.02,1.43,-0.3,-0.29,0.04,-0.67,-0.08,0.03,0.42,-0.24,0.32,-0.59,-0.97,0.17,0.34,-0.1,0.58,-0.14,0.33,-0.09,-0.04,-0.48,0.07,-0.06,-0.39,-0.03,-0.06,0.97,0.05,-0.04,-0.07,-0.01,-0.07,-0.12,0.09,-0.03,0.73,-0.22,-0.83,-2.14,-0.2,1.61,-0.99,-0.11,-1.57,0.05,-1.01,-3.18,0.05,0.31,-0.03,-0.85,0.1,-1.1,0,0.17,0.18,0.2,-0.42,-0.01,0.43,0.34,-0.32,-1.6,1.04,0.12,1.83,-0.25,0.18,-0.84,-0.06,0.22,-0.12,-0.06,0.13,0.08,-0.09,0,-0.32,-0.04,-0.22,-0.13,-0.03,-0.48,-0.5,-0.04,-0.2,-0.32,-0.12,-0.05,-0.08,1.11,0.13,-0.2
22Q3 營益 (億),2022Q3, 營益 (億),0.3,0.35,0.08,0.28,-0.31,-0.2,-4.58,-0.14,0.04,-0.23,0.23,-0.12,-0.11,0.01,0.97,0,-0.06,-0.14,-3.93,-0.07,-0.12,0.46,-0.36,-0.25,-0.19,0.23,-0.37,2.4,-0.2,0.07,-0.01,0.71,1.12,-0.51,-0.03,-0.26,0.29,0.18,-0.3,-0.05,-0.14,0.01,0.16,-0.6,1.3,-0.19,-0.68,-0.35,-0.23,0.74,-0.1,-0.21,-0.09,-0.6,-0.37,-2.25,-0.23,-0.02,-1.03,0,-0.12,-1.45,3.47,-0.32,0.18,-0.71,0.51,0.26,-1.15,-0.12,0.03,-0.59,-0.13,-0.22,-0.68,0.24,-6,-0.18,-0.25,-0.2,-0.16,-0.05,-0.03,-0.06,-0.31,-0.17,0.05,-0.26,-0.24,0.01,0.29,-0.23,-1.63,-3.04,-0.25,-0.14,0.26,-0.19,-0.16,0.28,-0.37,0.98,-0.05,0.07,-0.08,0.64,-1.19,0.12,0.47,-0.11,-0.18,-0.21,-0.1,0.02,-0.19,-0.35,0.37,-0.01,-0.79,-0.02,-0.04,0.63,-0.11,0.3,0.39,-0.06,0.15,0.13,-0.35,0.37,-0.8,0.33,-0.05,-0.03,-1.85,-0.02,-0.06,-0.57,-0.06,0.03,0.28,-0.07,-0.07,-0.07,-0.14,-1.08,-0.29,0.06,-0.09,0.71,-0.12,-0.73,-3.38,-0.2,0.99,-0.85,-0.09,-1.84,-0.04,-0.83,-3.72,-0.05,-1.75,-0.04,-1.42,-0.02,-0.65,0.12,0.08,-0.09,0.05,-0.61,0.01,0.31,0.49,,-0.65,0.06,0.14,0.56,-0.06,0.59,0.53,-0.05,-0.39,0.23,-0.05,0.38,0.07,-0.06,0.05,-0.15,0.12,-0.21,-0.15,-0.09,-1.64,-0.42,-0.04,-0.18,-0.29,0.02,-0.01,-0.06,1.47,0.03,-0.1
22Q4 營益 (億),2022Q4, 營益 (億),0.9,0.21,0.55,0.19,-0.38,-0.49,-0.95,0.05,0,-0.15,0.09,-0.19,-0.07,0.01,1.34,-0.07,-0.08,-0.07,-7.41,-0.05,-0.2,0.46,-0.41,-0.23,-0.34,-0.17,-0.32,2.29,-0.07,-0.01,-0.16,0.35,-0.02,-0.26,-0.34,-0.28,0.06,0.14,-0.16,-0.02,0.34,0.21,0.61,-0.43,1.1,-0.17,-0.02,-0.37,0.32,0.38,-0.06,-0.43,-0.15,-0.72,-0.18,-1.99,-0.23,0.02,-0.92,-0.29,0.01,-2.47,1.19,-0.19,0.56,-0.99,0.38,-0.12,-0.66,-0.07,0.22,0.25,-0.28,-0.86,-0.73,-0.55,-6.39,-0.22,-0.82,-0.35,-0.09,-0.04,-0.05,0.02,-0.54,-0.13,-0.16,-0.28,-0.23,-0.05,0.04,-0.15,-1.75,-2.91,-1.02,-0.77,0.21,-0.29,-0.38,0.19,-0.77,0.09,-0.05,-0.24,-0.1,-0.03,-0.78,0.09,0.27,-0.12,-0.16,-0.18,-0.1,0.04,-2.32,-0.48,-0.27,-0.07,-0.44,-0.03,-0.08,0.67,-0.14,-0.28,-0.14,-0.43,0.24,-0.24,-0.29,-0.36,-0.5,0.43,-0.06,-0.05,-0.62,0.21,-0.1,-0.31,-0.08,-0.02,-0.45,0.29,-0.04,-0.05,-0.13,-0.34,-0.08,0.06,0.35,0.37,-0.09,-0.96,-3.58,-0.19,0.85,-0.94,0.01,-1.88,0,-0.62,-6.95,-0.03,-2.04,-0.31,-0.68,0.02,-0.86,0.19,-0.1,-0.21,-0.12,-0.62,-0.04,0.82,0.29,-0.76,-0.47,0.08,0.1,0.43,0.13,0.61,0.56,-0.17,-0.34,-0.14,-0.1,0.09,0.09,-0.06,0.04,-0.09,0.24,-0.13,-0.19,-0.35,-1.92,-0.47,-0.09,-0.12,-0.39,-0.07,-0.07,-0.03,0.71,0.01,0.07
23Q1 營益 (億),2023Q1, 營益 (億),-1.33,-0.18,0.22,0.39,-0.48,-0.18,-0.09,0,-0.48,-0.08,0.29,-0.09,-0.08,0.02,-0.31,-0.09,-0.08,-0.17,-2.42,-0.04,-0.15,0.55,-0.52,-0.22,-0.72,0.12,-0.21,-1.03,-0.12,0,-0.2,-0.03,-1.21,-0.28,-0.27,-0.34,-0.06,-0.15,-0.56,-0.2,-0.21,-0.05,0.01,-0.64,0.28,-0.23,-0.06,-0.44,0.42,0.44,-0.06,-0.39,-0.02,-0.3,-0.25,-2.11,-0.22,0.02,-0.51,-0.14,-0.16,-2.59,0.4,-1.43,-0.13,0.29,0.22,0.12,-0.92,-0.12,0.02,-0.71,-0.07,-0.54,-0.64,-0.35,-4.32,-0.16,-0.25,-0.18,-0.12,-0.05,-0.11,0.13,-0.01,-0.18,0.06,-0.31,-0.14,-0.07,0.3,-0.25,-1.64,-2.5,-0.23,-0.05,0.05,-0.25,-0.22,-0.01,-0.88,0.31,-0.06,-0.19,-0.02,-0.11,-0.67,-0.09,-0.02,-0.16,-0.18,-0.18,-0.07,0.05,-2.54,-0.19,-0.19,-0.06,-0.49,-0.05,-0.05,0.51,-0.16,-0.22,-0.02,-0.27,0.14,-0.12,0.03,0.45,-0.94,0.28,-0.04,-0.05,0.1,0.43,-0.08,0.9,-0.07,-0.21,-0.53,0.45,-0.04,-0.08,-0.13,-0.33,-0.17,-0.05,0.25,0.03,-0.25,-0.77,-2.68,-0.06,0.39,-0.77,-0.21,-2.03,-0.1,-0.73,-2.25,-0.09,-1.74,-0.12,-2.2,-0.22,-0.31,0.02,-0.14,-0.43,-0.15,-0.58,-0.03,0.52,0.07,-0.19,-0.64,0.23,-0.14,0.21,0.12,0,-1.18,-0.24,-0.67,0.14,-0.07,-0.03,0.02,-0.25,0.02,-0.12,0.02,-0.22,-0.14,-0.11,-1.3,-0.42,0.03,-0.26,-0.17,0.09,-0.1,-0.09,-0.62,-0.08,-0.1
23Q2 營益 (億),2023Q2, 營益 (億),-0.13,-0.16,0.32,0.56,-0.27,-0.17,-5.01,-0.03,-0.19,0.06,-0.1,-0.09,-0.07,0.05,-0.71,-0.1,-0.08,-0.21,-3.51,-0.05,-0.14,0.41,-0.3,-0.23,-0.68,0.14,-0.55,-1.65,-0.17,0.03,-0.12,-0.12,-0.01,0.22,-0.3,-0.34,0.06,-0.25,-0.51,-0.16,-0.1,-0.04,-1.1,-0.67,-0.26,-0.07,-0.39,-0.26,0.17,0.23,-0.06,-0.58,-0.03,-0.34,-0.26,-1.75,-0.15,0.02,-0.7,-0.17,0.13,-2.56,1.01,-0.89,0.01,-0.96,0.03,-0.06,-1.95,-0.21,0.19,-0.65,-0.29,0.29,-0.61,-0.6,-5.53,-0.14,-0.26,-0.28,-0.08,-0.1,-0.11,-0.01,-0.48,-0.22,0.19,-0.32,-0.2,-0.08,0.08,-0.21,-1.77,-2.79,-0.01,-0.06,-0.13,-0.17,-1.04,-0.3,-0.94,-0.38,-0.05,-0.21,-0.11,-0.06,-1.1,-0.16,-0.27,-0.2,-0.23,-0.19,-0.11,0,-3.07,-0.36,-0.19,-0.11,-0.67,-0.07,-0.1,0.2,-0.15,-0.48,-0.2,-0.19,0.18,0,-0.24,1.67,-0.77,-0.11,0.02,-0.07,-0.65,-0.23,-0.09,0.31,1.05,-0.42,-0.22,0.17,-0.05,-0.08,-0.08,-0.42,-0.14,-0.04,0.2,-0.41,-0.49,-0.69,-3.21,-0.23,0.39,-0.69,-0.34,-2.01,-0.09,-1.1,-3.56,-0.07,-2.74,-0.2,-2.56,0.1,-0.34,0.01,0.04,-0.74,-0.08,-0.26,-0.02,0.44,-0.12,-0.07,-0.7,-0.01,-0.09,-0.47,0.16,-0.17,-0.87,-0.16,-1.06,-0.08,-0.05,0.07,0.03,-0.23,0.02,-0.21,-0.44,-0.25,-0.15,0.02,0.3,-0.58,-0.05,-0.28,-0.23,-0.17,-0.06,-0.04,-1.03,-0.14,-0.08
23Q3 營益 (億),2023Q3, 營益 (億),-0.01,-0.12,0.01,0.4,-0.39,-0.21,-2,-0.11,-0.29,-0.04,-0.24,-0.13,-0.07,0.11,-1.49,-0.13,-0.07,-0.12,-0.86,-0.15,-0.15,0.05,-0.42,-0.28,-0.96,0.1,-0.69,-0.8,-0.03,0.01,-0.09,0.66,0.16,-0.4,-0.31,-0.31,-0.11,0.14,-0.49,-0.24,-0.73,-0.04,0.33,-0.64,-0.54,-0.3,-0.5,-0.36,0.06,0.39,-0.05,-0.51,-0.07,-0.17,-0.12,-1.3,-0.21,0,-0.51,-0.19,-0.02,-1.82,-0.07,-0.69,0.01,0.21,-0.12,0.36,-1.32,-0.24,0.02,-0.03,-0.31,-0.64,-0.69,-0.43,-6.18,-0.14,-0.28,-0.11,-0.15,-0.14,-0.13,-0.05,-0.6,-0.18,-0.45,-0.29,-0.1,-0.11,-0.57,-0.24,-1.38,-2.69,-0.17,-0.09,0,-0.25,-0.29,0.11,-0.59,-0.2,-0.04,-0.27,-0.07,0.03,-1.55,-0.33,-0.66,-0.1,-0.14,-0.18,-0.09,0.03,-3.26,-0.46,-0.01,-0.03,-0.39,-0.02,-0.15,-2.01,-0.15,0.11,0.09,-0.15,0.2,-0.07,-0.48,0.05,-1.54,-0.2,0.02,-0.04,-0.46,-0.21,-0.09,0.53,-0.08,-0.39,-0.15,-0.19,-0.03,-0.08,-0.12,-0.25,-0.21,-0.08,0.21,-0.6,-0.06,-0.81,-2.98,-0.16,-0.02,-0.79,-0.31,-2.2,-0.05,-0.86,-0.87,-0.09,-2.42,-0.24,-1.99,0.02,-0.22,-0.11,-0.11,-0.63,-0.05,-0.52,-0.05,0.18,-0.49,-0.22,2.21,-0.08,-0.15,0.13,-0.17,-0.22,-1.1,-0.12,-1.18,-0.33,-0.11,0.14,0.03,-0.3,0.01,-0.27,-0.17,-0.25,-0.22,0,-0.67,-0.62,-0.1,-0.29,-0.22,0.09,-0.04,-0.1,-0.33,-0.21,-0.11
23Q4 營益 (億),2023Q4, 營益 (億),-0.55,-0.18,-0.24,0.19,-0.49,-0.29,-4.32,-0.17,-0.05,-0.42,-0.3,-0.17,-0.09,0.08,-0.28,-0.2,-0.09,0.08,-5.54,-0.02,-0.2,-0.51,-0.67,-0.43,-0.92,0.15,-0.63,-0.84,0.13,0.01,-0.07,0.08,-0.93,-0.11,-0.26,-0.33,-0.11,-0.32,-0.4,-0.17,-1.23,0.04,-1.04,-0.59,-0.35,-0.58,-0.14,-0.53,0.36,-0.45,-0.04,-0.39,-0.05,-0.41,-0.12,-0.93,-0.2,0.02,-0.8,-0.23,-0.13,-2.7,0.02,0.32,0.15,1.16,-0.08,0.36,-0.86,-0.28,0.02,-0.26,-0.38,-0.85,-0.67,-0.91,-4.87,-0.11,0.33,-0.36,-0.17,-0.12,-0.13,0.02,-0.69,-0.25,-0.18,-0.28,-0.17,-0.15,-2.19,-0.15,-1.23,-2.98,-0.29,-0.17,0.09,-0.26,-0.44,-0.12,0.15,-0.74,-0.05,-0.25,-0.05,0.07,-1.16,-0.32,-0.66,-0.12,-0.21,-0.18,-0.15,0.03,-2.86,-0.49,-0.16,-0.11,-0.44,-0.04,-0.05,-0.55,-0.28,-0.09,0.01,-0.35,-0.26,0.04,-0.55,-3.11,-1.12,0.03,-0.08,-0.05,-0.64,-0.09,-0.08,0.16,-0.13,-0.43,-0.26,-0.31,-0.04,-0.08,-0.15,-0.88,-0.35,0.01,-0.08,-0.91,-0.09,-0.94,-2.58,-0.15,0.04,-0.87,0.05,-2.16,-0.08,-1.08,-5.46,-0.12,-3.18,-0.3,-3.56,-0.16,-0.46,-0.07,-0.4,-0.63,-0.07,-0.4,-0.09,0.37,0.22,-0.28,-0.9,0.11,-0.17,0.31,-0.09,-0.18,-2.46,-0.06,-0.87,-0.74,-0.09,0.06,-0.05,-0.76,0.03,-0.25,-0.01,-0.14,-0.15,0.08,-0.3,-0.64,-0.06,-0.07,-0.51,0.01,-0.04,0,-1.18,-0.19,-0.02
24Q1 營益 (億),2024Q1, 營益 (億),-0.8,-0.2,-0.06,-0.1,-0.53,-0.22,-1.89,-0.07,-0.25,-0.45,-0.33,-0.22,-0.1,-0.04,-0.67,-0.09,-0.08,-0.17,-1.39,-0.13,-0.15,0,-0.62,0.05,-0.95,0.21,-0.65,-0.48,-0.32,-0.06,-0.13,-0.36,-0.72,-0.04,-0.25,-0.27,-0.11,-0.42,-0.57,-0.24,-0.46,-0.07,-1.19,-0.73,-0.63,-0.46,0.22,-0.28,-0.29,-0.25,-0.06,-0.42,-0.1,-0.5,-0.11,-1.16,-0.17,-0.06,-0.99,-0.32,-0.11,-0.88,-1.35,-0.08,-0.1,0.15,0.04,0.42,-0.89,-0.2,-0.11,-0.37,-0.29,-0.59,-0.77,-0.45,-5.71,-0.2,-0.14,-0.17,-0.17,-0.07,-0.15,0.18,-0.15,-0.26,-0.03,-0.32,-0.13,-0.08,-0.51,-0.22,-1.36,-2.6,-0.21,-0.09,-0.07,-0.21,-0.27,-0.25,0.03,-0.41,-0.05,-0.3,-0.11,-0.13,-0.81,-0.32,-0.37,-0.16,-0.11,-0.16,-0.12,-0.04,-2.17,-0.39,-0.26,-0.07,-0.5,-0.05,-0.07,-0.57,-0.2,0.32,-0.08,-0.49,-0.14,-0.16,-0.55,-1.55,-0.47,-0.47,-0.1,-0.05,-0.53,-0.06,-0.09,0.3,-0.08,-0.36,-0.72,-0.1,-0.03,-0.07,-0.13,-0.21,-0.44,-0.24,-0.12,-0.81,-0.41,-0.71,-2.19,-0.21,-0.4,-0.67,-0.29,-2.27,-0.06,-0.81,-1.07,-0.19,-1.35,-0.31,-2.14,0.09,-0.37,-0.04,-0.16,-0.61,-0.16,-0.19,-0.15,-0.25,-0.4,-0.26,-0.7,0.12,-0.25,-0.72,-0.23,-0.31,-0.12,-0.07,-1.22,-0.35,-0.07,-0.21,-0.01,-0.44,-0.07,-0.25,-0.23,-0.19,-0.19,0.14,0.04,-0.31,-0.05,-0.3,-0.21,0.01,-0.05,-0.1,-0.45,-0.16,-0.06
24Q2 營益 (億),2024Q2, 營益 (億),-1.1,-0.14,-0.23,-0.08,-0.18,-0.38,-0.16,0.05,0,-0.28,-0.51,-0.15,-0.05,-0.07,-0.47,-0.12,-0.07,-0.13,-0.28,-0.08,-0.19,0.23,-0.5,0.42,-0.59,0.06,-0.44,-0.58,-0.56,-0.03,-0.07,-0.31,0,-0.35,-0.12,-0.22,0.01,0.06,-0.44,-0.12,-0.68,0.08,-0.73,-0.63,-0.57,-0.41,-0.72,-0.2,-0.11,-0.38,-0.1,-0.36,-0.06,-0.44,-0.12,-1.26,-0.22,-0.05,-0.69,-0.18,0.06,-0.81,-2.04,0.06,-0.06,0.04,-0.17,0.56,-1.58,-0.19,0.11,-0.41,-0.27,0.5,-0.55,-0.35,-5.45,-0.13,-0.14,-0.15,-0.16,-0.07,-0.18,-0.26,-0.09,-0.11,-0.02,-0.28,-0.13,0,-0.26,-0.17,-1.08,-2.81,-0.25,-0.14,-0.42,-0.16,-0.07,-0.47,0.46,-0.76,-0.03,-0.44,-0.12,-0.08,-0.51,-0.26,-0.31,-0.26,-0.28,-0.16,-0.2,-0.01,-1.18,-0.39,-0.36,0.02,-0.31,-0.06,-0.03,-0.49,-0.17,-0.04,-0.25,-0.37,-0.29,-0.04,-0.68,-2.35,-0.41,-0.63,-0.04,-0.06,-0.56,-0.39,-0.12,0.21,-0.08,-0.3,-0.66,-0.77,-0.03,-0.08,-0.09,-0.26,-0.33,-0.06,-0.14,-0.96,-0.36,-0.89,-2.6,-0.35,-0.16,-0.74,-0.18,-2.2,-0.05,-0.73,-0.03,-0.22,-1.64,-0.28,-2.83,0.01,-0.32,-0.04,-0.51,-0.55,0.02,-0.43,-0.1,-0.09,-0.46,-0.31,-0.71,-0.07,-0.12,0.22,-0.39,-0.23,-0.35,-0.09,-0.77,-0.78,-0.06,-0.1,-0.02,-0.25,-0.05,-0.54,-0.22,-0.14,-0.17,0.15,1.04,-0.12,-0.17,-0.14,-0.38,-0.36,0.01,-0.04,-0.37,-0.19,-0.06
24Q3 營益 (億),2024Q3, 營益 (億),-0.89,-0.18,-0.15,-0.11,0.09,-0.33,-2.65,-0.1,-0.13,-0.31,-0.54,-0.07,-0.04,-0.06,0.08,-0.16,-0.07,-0.14,0.03,-0.06,-0.19,-0.03,-0.45,-0.35,-0.54,0.04,-0.36,-0.67,-0.22,-0.04,-0.09,-0.5,-0.11,-0.32,-0.25,-0.27,-0.09,-0.17,-0.68,-0.11,-0.44,-0.03,-0.04,-0.69,-0.16,-0.32,-0.83,-0.32,-0.86,-0.02,-0.07,-0.4,-0.17,-0.4,-0.09,-1.61,-0.22,0.03,-0.31,-0.27,0.09,-1.78,-1.28,0.57,-0.08,-0.29,-0.28,0.65,-1.11,-0.17,0.04,-0.45,-0.18,-0.59,-0.5,-0.27,-5.34,-0.22,-0.14,-0.13,-0.11,-0.04,-0.18,-0.38,-0.14,-0.16,-0.4,-0.39,-0.15,0.03,-0.17,-0.14,-1.27,-2.98,0.02,-0.11,-0.4,-0.19,-0.21,-0.21,0.54,-0.52,-0.04,-0.17,-0.09,0.18,-0.76,-0.16,-0.43,-0.17,-0.22,-0.16,-0.26,-0.05,-1.21,-0.46,-0.24,-0.02,-0.24,-0.03,0,0.2,-0.18,-0.11,0.02,-0.14,-0.24,-0.1,-1.07,-2,-0.12,-0.89,-0.04,-0.04,-0.39,-0.16,-0.1,-0.9,-0.1,-0.34,0.06,-0.51,-0.05,-0.06,-0.04,-0.61,-0.27,-0.32,-0.29,-0.85,-0.24,-0.92,-2.48,-0.14,-0.05,-0.84,-0.18,-2.01,-0.07,-0.88,0.09,-0.07,-2.93,-0.17,-2.46,-0.14,-0.36,-0.02,-0.18,-0.52,-0.05,-0.37,-0.09,0.41,-0.53,-0.31,-0.92,-0.23,-0.18,-0.4,-0.22,-0.23,-0.96,0.05,-1.15,-0.94,-0.04,-0.09,0.03,-0.54,-0.01,-0.54,-0.34,-0.2,-0.13,0.09,-0.98,-0.32,-0.07,-0.15,-0.2,0.11,0.02,-0.08,-0.5,-0.24,-0.12
24Q4 營益 (億),2024Q4, 營益 (億),-1.57,0.07,-0.2,-0.06,-0.13,-0.52,-3.29,-0.08,0.02,-0.26,-0.16,-0.07,-0.15,-0.07,-0.06,-0.17,-0.06,-0.1,-0.53,-0.06,-0.08,-0.28,-0.67,-0.42,-0.47,0.12,-0.43,-0.29,-0.23,0.02,-0.11,-0.37,-0.24,-0.59,-0.05,-0.27,-0.02,-0.4,-0.73,-0.12,-0.5,-0.48,-0.3,-0.48,-0.2,-0.36,-0.66,-0.4,-0.34,0.18,-0.04,-0.32,-0.11,-0.45,-0.08,-1.65,-0.1,-0.1,-0.51,-0.11,-0.01,-3.03,-2.09,0.5,0.15,0.03,-0.35,0.71,-0.92,-0.18,0.11,-1.29,-0.22,-0.54,-0.64,-0.24,-7.22,-0.1,-0.15,-0.22,-0.19,-0.06,-0.1,-0.73,-0.13,-0.5,-0.21,-0.84,-0.17,-0.08,0.2,-0.22,-0.91,-2.46,-0.01,-0.19,-0.31,-0.15,0.04,0,0.9,-1.46,-0.07,0.32,-0.11,-0.05,-0.26,-0.08,-0.45,-0.18,-0.23,-0.18,-0.12,0.05,-1.96,-0.67,0.08,0,-0.33,-0.1,-0.07,-0.43,-0.21,-1.46,-0.06,-0.69,-0.51,-0.06,-0.76,-1.22,-0.21,-0.6,-0.18,-0.13,-0.5,0.04,-0.12,1.7,-0.24,-0.35,-1.05,-0.28,-0.07,-0.09,0.01,-0.02,-0.24,0.1,0.05,-1.54,-0.55,-1.04,-4.77,-0.17,-0.13,-0.82,-0.16,-2.32,-0.15,-1.15,-0.45,-0.05,-4.88,-0.32,-2.11,0.09,-0.56,-0.02,-0.19,-0.4,-0.08,-0.24,-0.14,-1.57,-0.45,-0.22,0.14,-0.32,-0.19,-0.29,-0.23,-0.28,-2.11,-0.02,-2.15,-1.75,-0.07,0.08,-0.02,-0.64,-0.17,-0.39,-0.91,-0.12,-0.17,-0.04,-2.37,-0.46,-0.16,-0.19,-0.22,0.03,0,-0.05,-1.52,-0.24,-0.45
