公司代號,公司名稱,year_quarter,產業別,實際股價,預測股價,誤差,誤差率(%)
8101,華冠,2018Q4,通信網路業,2.64,28.468833333333336,25.828833333333336,978.36
2305,全友,2017Q4,電腦及週邊設備業,9.85,72.21844999999999,62.36844999999999,633.18
2509,全坤建,2018Q4,建材營造,25.37,159.89380833333337,134.52380833333336,530.25
3051,力特,2016Q4,,4.3100000000000005,21.55701666666666,17.24701666666666,400.16
8101,華冠,2019Q4,通信網路業,5.19,24.723,19.532999999999998,376.36
5907,大洋-KY,2019Q2,貿易百貨,18.69,88.89354999999999,70.20354999999999,375.62
1443,立益物流,2017Q3,其他,6.16,29.21618333333333,23.05618333333333,374.29
2614,東森,2018Q4,其他,10.55,47.67920833333331,37.12920833333331,351.94
6226,光鼎,2019Q4,光電業,6.31,28.291966666666664,21.981966666666665,348.37
1449,佳和,2019Q3,紡織纖維,4.65,20.33659166666666,15.68659166666666,337.35
2348,海悅,2019Q4,其他,54.71,238.99592499999994,184.28592499999993,336.84
2609,陽明,2019Q3,航運業,5.57,24.321725000000004,18.751725000000004,336.66
4934,太極,2018Q4,光電業,4.86,20.176658333333336,15.316658333333336,315.16
1909,榮成,2017Q4,造紙工業,21.26,86.834925,65.574925,308.44
2478,大毅,2018Q4,電子零組件業,38.01,154.10501666666667,116.09501666666668,305.43
2614,東森,2018Q3,其他,12.67,51.29906666666665,38.629066666666645,304.89
5531,鄉林,2019Q4,建材營造,9.565,38.50728333333333,28.942283333333336,302.59
5484,慧友,2017Q1,光電業,4.99,19.481516666666653,14.491516666666653,290.41
3209,全科,2019Q4,電子通路業,19.28,74.81746666666663,55.53746666666663,288.06
1616,億泰,2020Q1,電器電纜,4.01,15.383225,11.373225,283.62
1616,億泰,2019Q4,電器電纜,4.79,18.285608333333336,13.495608333333337,281.75
1437,勤益控,2019Q4,其他,22.3,84.67057500000001,62.37057500000002,279.69
2923,鼎固-KY,2019Q2,建材營造,25.0,93.59799166666667,68.59799166666667,274.39
2337,旺宏,2018Q3,半導體業,22.24,83.25741666666664,61.01741666666665,274.36
3048,益登,2019Q4,電子通路業,16.735,62.23934999999997,45.504349999999974,271.91
3049,精金,2017Q1,光電業,10.6925,39.54356666666666,28.85106666666666,269.83
5607,遠雄港,2017Q4,航運業,17.46,62.62061666666671,45.16061666666671,258.65
2007,燁興,2019Q2,鋼鐵工業,3.8,13.560608333333333,9.760608333333334,256.86
2504,國產,2017Q2,建材營造,9.473333333333333,33.75000833333332,24.276674999999987,256.26
4306,炎洲,2018Q4,塑膠工業,12.04,41.89281666666666,29.852816666666662,247.95
5519,隆大,2019Q2,建材營造,15.3525,53.005316666666694,37.652816666666695,245.26
1463,強盛新,2017Q4,紡織纖維,15.9,54.00212499999997,38.10212499999997,239.64
1456,怡華,2017Q2,建材營造,10.1,33.85607499999998,23.75607499999998,235.21
5519,隆大,2019Q1,建材營造,14.52,48.218966666666674,33.69896666666668,232.09
2537,聯上發,2017Q4,建材營造,7.47,24.70477499999999,17.234774999999992,230.72
3028,增你強,2017Q4,電子通路業,20.13,66.44796666666667,46.31796666666668,230.09
8429,金麗-KY,2019Q2,貿易百貨,7.36,24.258924999999994,16.898924999999995,229.6
2305,全友,2018Q3,電腦及週邊設備業,5.95,19.578533333333336,13.628533333333337,229.05
2302,麗正,2017Q1,半導體業,6.07,19.864541666666657,13.794541666666657,227.26
1524,耿鼎,2018Q3,汽車工業,10.43,33.869325,23.439325000000004,224.73
3701,大眾控,2018Q4,電腦及週邊設備業,12.6,40.78081666666665,28.18081666666665,223.66
3026,禾伸堂,2018Q3,電子零組件業,122.1225,394.9731749999999,272.8506749999999,223.42
2534,宏盛,2018Q1,建材營造,29.89,96.53747500000001,66.64747500000001,222.98
2633,台灣高鐵,2018Q4,航運業,30.7,98.8272916666667,68.1272916666667,221.91
3021,鴻名,2017Q4,電子零組件業,15.13,48.277741666666685,33.14774166666668,219.09
2516,新建,2019Q2,建材營造,5.065,16.12281666666666,11.05781666666666,218.32
6164,華興,2018Q4,光電業,7.02,22.14354166666666,15.12354166666666,215.44
3550,聯穎,2018Q3,電子零組件業,15.12,47.55730833333334,32.43730833333334,214.53
2305,全友,2019Q2,電腦及週邊設備業,5.58,17.502858333333347,11.922858333333346,213.67
5469,瀚宇博,2017Q4,電子零組件業,20.06,62.68717499999997,42.627174999999966,212.5
6224,聚鼎,2019Q4,電子零組件業,60.855,188.10869166666657,127.25369166666658,209.11
1437,勤益控,2019Q3,其他,22.78,70.09249166666666,47.31249166666666,207.69
3057,喬鼎,2018Q4,電腦及週邊設備業,7.16,21.870358333333325,14.710358333333325,205.45
2344,華邦電,2018Q3,半導體業,14.63,44.46239166666667,29.832391666666666,203.91
2243,宏旭-KY,2019Q2,汽車工業,10.88,32.98232500000002,22.102325000000015,203.15
3596,智易,2016Q4,,52.48,159.04589166666656,106.56589166666657,203.06
3605,宏致,2019Q4,電子零組件業,25.49,77.23382500000005,51.74382500000006,203.0
2702,華園,2017Q3,觀光餐旅,14.756666666666668,44.624066666666685,29.867400000000018,202.4
1605,華新,2018Q2,電器電纜,19.6375,59.30987500000004,39.672375000000045,202.02
1455,集盛,2019Q3,紡織纖維,5.56,16.730274999999992,11.170274999999993,200.9
2705,六福,2018Q1,觀光餐旅,6.615,19.85059999999999,13.23559999999999,200.08
1528,恩德,2016Q4,,10.525,31.358733333333348,20.83373333333335,197.95
3167,大量,2018Q4,電機機械,32.57,96.5775083333333,64.0075083333333,196.52
4564,元翎,2019Q2,電機機械,28.79,85.15280833333333,56.36280833333333,195.77
1466,聚隆,2019Q1,紡織纖維,7.59,22.382550000000002,14.792550000000002,194.9
2375,凱美,2018Q3,電子零組件業,45.3475,132.5549666666665,87.2074666666665,192.31
1413,宏洲,2018Q2,紡織纖維,12.68,36.93965833333332,24.25965833333332,191.32
2028,威致,2019Q2,鋼鐵工業,9.205,26.788983333333316,17.583983333333315,191.03
1539,巨庭,2016Q4,,21.74,63.05629166666671,41.316291666666714,190.05
2498,宏達電,2018Q4,通信網路業,37.15,107.68956666666669,70.5395666666667,189.88
6116,彩晶,2018Q2,光電業,6.96,20.08166666666666,13.121666666666659,188.53
6177,達麗,2017Q2,建材營造,25.35,73.10461666666663,47.75461666666663,188.38
9906,欣巴巴,2017Q3,建材營造,15.8725,45.653099999999995,29.780599999999993,187.62
3024,憶聲,2019Q4,光電業,7.654999999999999,21.98780833333332,14.33280833333332,187.23
9946,三發地產,2019Q3,建材營造,23.62,67.77096666666668,44.150966666666676,186.92
2601,益航,2019Q1,貿易百貨,11.943333333333332,34.17346666666665,22.230133333333317,186.13
1538,正峰,2017Q2,電機機械,6.315,17.933266666666672,11.61826666666667,183.98
2515,中工,2018Q2,建材營造,8.215,22.953958333333343,14.738958333333343,179.42
2495,普安,2017Q4,電腦及週邊設備業,11.79,32.761858333333336,20.971858333333337,177.88
2543,皇昌,2019Q4,建材營造,7.065,19.61495833333333,12.549958333333329,177.64
1609,大亞,2018Q4,電器電纜,10.68,29.432674999999996,18.752674999999996,175.59
8271,宇瞻,2017Q4,半導體業,37.3,101.97312499999998,64.67312499999998,173.39
9928,中視,2017Q1,其他,6.125,16.573608333333347,10.448608333333347,170.59
2027,大成鋼,2018Q4,鋼鐵工業,37.85,101.90804166666669,64.0580416666667,169.24
3686,達能,2017Q4,半導體業,5.543333333333333,14.919325000000004,9.375991666666671,169.14
1524,耿鼎,2017Q2,汽車工業,10.59,28.46666666666667,17.87666666666667,168.81
1308,亞聚,2017Q4,塑膠工業,17.346666666666668,46.601083333333335,29.254416666666668,168.65
3231,緯創,2019Q4,電腦及週邊設備業,26.165,70.24653333333333,44.08153333333333,168.48
2007,燁興,2019Q1,鋼鐵工業,4.12,11.053975000000003,6.933975000000003,168.3
9912,偉聯,2016Q2,,7.94,21.237816666666664,13.297816666666662,167.48
2442,新美齊,2019Q2,建材營造,9.09,24.290841666666665,15.200841666666665,167.23
2923,鼎固-KY,2016Q3,,20.72,55.21076666666668,34.49076666666668,166.46
9912,偉聯,2018Q2,電腦及週邊設備業,9.09,24.018608333333333,14.928608333333333,164.23
6226,光鼎,2017Q2,光電業,9.004999999999999,23.747775,14.742775000000002,163.72
5608,四維航,2018Q1,航運業,7.734999999999999,20.36493333333333,12.62993333333333,163.28
1312,國喬,2018Q3,塑膠工業,20.23,52.943566666666655,32.71356666666665,161.71
6164,華興,2017Q4,光電業,10.69,27.96744166666666,17.27744166666666,161.62
1454,台富,2018Q2,紡織纖維,8.25,21.568166666666656,13.318166666666656,161.43
2515,中工,2019Q2,建材營造,6.88,17.962158333333335,11.082158333333336,161.08
2515,中工,2018Q3,建材營造,8.06,20.977691666666683,12.917691666666682,160.27
1309,台達化,2017Q4,塑膠工業,14.09,36.51958333333332,22.429583333333323,159.19
2107,厚生,2019Q3,橡膠工業,17.733333333333334,45.956133333333355,28.22280000000002,159.15
2516,新建,2017Q3,建材營造,6.625,17.15059166666667,10.52559166666667,158.88
2206,三陽工業,2019Q2,汽車工業,22.23,57.53516666666666,35.305166666666665,158.82
3047,訊舟,2017Q2,通信網路業,9.14,23.494891666666664,14.354891666666663,157.06
2024,志聯,2018Q2,鋼鐵工業,10.2975,26.39502499999999,16.09752499999999,156.32
2489,瑞軒,2018Q3,光電業,10.83,27.72083333333335,16.890833333333347,155.96
3058,立德,2018Q2,電子零組件業,7.993333333333333,20.425800000000006,12.432466666666674,155.54
2377,微星,2016Q4,,69.21,176.84192499999997,107.63192499999998,155.51
3308,聯德,2018Q3,電子零組件業,5.88,15.007274999999993,9.127274999999994,155.23
9946,三發地產,2017Q1,建材營造,11.37,28.985291666666672,17.61529166666667,154.93
1474,弘裕,2017Q3,紡織纖維,11.45,29.184624999999993,17.734624999999994,154.89
3164,景岳,2018Q4,生技醫療業,25.74,65.54323333333335,39.80323333333335,154.64
1810,和成,2018Q2,玻璃陶瓷,7.93,20.171683333333334,12.241683333333334,154.37
2201,裕隆,2017Q3,汽車工業,22.31,56.64074999999998,34.33074999999998,153.88
2438,翔耀,2018Q3,光電業,6.87,17.441533333333346,10.571533333333345,153.88
2483,百容,2017Q4,電子零組件業,22.24,56.43896666666669,34.19896666666669,153.77
2501,國建,2018Q3,建材營造,17.44,44.05329999999999,26.61329999999999,152.6
1413,宏洲,2019Q2,紡織纖維,9.306666666666668,23.488058333333328,14.18139166666666,152.38
2349,錸德,2019Q2,光電業,4.32,10.878675000000001,6.558675000000001,151.82
6525,捷敏-KY,2018Q3,半導體業,69.85,175.89969999999997,106.04969999999997,151.82
8429,金麗-KY,2018Q3,貿易百貨,14.48,36.443341666666676,21.963341666666675,151.68
2449,京元電子,2016Q3,,27.7,69.67562500000004,41.975625000000036,151.54
1437,勤益控,2018Q2,其他,18.795,47.236225000000005,28.441225000000003,151.32
2032,新鋼,2016Q4,,9.96,25.010908333333322,15.050908333333322,151.11
2317,鴻海,2017Q4,其他電子業,77.31,194.1272249999999,116.8172249999999,151.1
6164,華興,2018Q3,光電業,7.51,18.847058333333344,11.337058333333344,150.96
9935,慶豐富,2016Q4,,9.4,23.53874999999999,14.13874999999999,150.41
3703,欣陸,2017Q3,建材營造,12.8,32.034999999999975,19.234999999999975,150.27
6226,光鼎,2018Q2,光電業,8.98,22.39953333333332,13.41953333333332,149.44
1416,廣豐,2017Q4,其他,15.1,37.32808333333333,22.22808333333333,147.21
2015,豐興,2017Q4,鋼鐵工業,54.03,133.4836166666666,79.45361666666659,147.05
1455,集盛,2017Q1,紡織纖維,10.090000000000002,24.833833333333345,14.743833333333344,146.12
2428,興勤,2017Q2,電子零組件業,86.48,212.33730000000003,125.85730000000002,145.53
2017,官田鋼,2018Q2,鋼鐵工業,8.13,19.878808333333346,11.748808333333345,144.51
1101,台泥,2018Q2,水泥工業,39.7175,96.61206666666664,56.894566666666634,143.25
1339,昭輝,2017Q4,汽車工業,39.48,95.79930833333331,56.31930833333332,142.65
3032,偉訓,2018Q2,電子零組件業,27.88,67.52180833333333,39.64180833333333,142.19
1432,大魯閣,2018Q4,運動休閒,7.18,17.385824999999993,10.205824999999994,142.14
1466,聚隆,2018Q2,紡織纖維,9.5,23.00034166666666,13.50034166666666,142.11
2505,國揚,2017Q4,建材營造,14.5325,35.17363333333335,20.64113333333335,142.03
2380,虹光,2018Q1,電腦及週邊設備業,6.0375000000000005,14.585716666666656,8.548216666666654,141.59
1220,台榮,2016Q3,,10.8,25.899291666666677,15.099291666666677,139.81
2504,國產,2019Q4,建材營造,12.535,30.047299999999986,17.512299999999986,139.71
3056,富華新,2019Q3,建材營造,23.86,57.142241666666656,33.28224166666666,139.49
1217,愛之味,2016Q3,,7.595,18.173308333333345,10.578308333333347,139.28
1447,力鵬,2019Q2,紡織纖維,5.48,13.106008333333333,7.626008333333333,139.16
2491,吉祥全,2017Q1,光電業,7.095,16.941391666666668,9.846391666666669,138.78
2540,愛山林,2020Q1,建材營造,20.55,48.83248333333333,28.282483333333328,137.63
2609,陽明,2018Q4,航運業,8.025,19.066591666666664,11.041591666666664,137.59
2904,匯僑,2016Q4,,20.08,47.66165833333334,27.581658333333344,137.36
2030,彰源,2017Q3,鋼鐵工業,16.27,38.49140000000001,22.221400000000013,136.58
3481,群創,2018Q3,光電業,7.33,17.292450000000006,9.962450000000006,135.91
1436,華友聯,2017Q4,建材營造,39.2025,92.36025,53.15774999999999,135.6
1108,幸福,2018Q3,水泥工業,6.91,16.266049999999996,9.356049999999996,135.4
3593,力銘,2019Q4,電子零組件業,7.725,18.161933333333337,10.436933333333338,135.11
2367,燿華,2019Q3,電子零組件業,33.56,78.89871666666667,45.33871666666667,135.1
2017,官田鋼,2019Q1,鋼鐵工業,6.69,15.709775,9.019775,134.82
2610,華航,2019Q2,航運業,6.9,16.127625000000002,9.227625000000002,133.73
3024,憶聲,2017Q3,光電業,7.27,16.977483333333335,9.707483333333336,133.53
1459,聯發,2018Q4,紡織纖維,7.03,16.379741666666664,9.349741666666663,133.0
1710,東聯,2018Q4,化學工業,22.22,51.70326666666663,29.48326666666663,132.69
1402,遠東新,2018Q2,紡織纖維,29.07,67.26604999999999,38.19604999999999,131.39
2104,國際中橡,2017Q2,橡膠工業,31.22,72.19700000000002,40.97700000000002,131.25
1108,幸福,2018Q2,水泥工業,7.44,17.19576666666667,9.75576666666667,131.13
5608,四維航,2019Q1,航運業,8.99,20.714083333333328,11.724083333333327,130.41
1558,伸興,2016Q4,,143.14333333333337,328.0932999999998,184.9499666666664,129.21
3167,大量,2017Q3,電機機械,46.57,106.70308333333337,60.13308333333337,129.12
2030,彰源,2019Q2,鋼鐵工業,9.73,22.292641666666658,12.562641666666657,129.11
2535,達欣工,2018Q2,建材營造,21.745,49.55214166666668,27.807141666666677,127.88
1604,聲寶,2016Q4,,17.03,38.78367499999999,21.753674999999987,127.74
3056,富華新,2019Q4,建材營造,28.89,65.75545,36.865449999999996,127.61
3266,昇陽,2018Q2,建材營造,12.32,28.00335000000002,15.683350000000019,127.3
2603,長榮,2017Q4,航運業,12.58,28.557566666666663,15.977566666666663,127.01
3308,聯德,2016Q3,,7.970000000000001,18.08755,10.11755,126.95
1810,和成,2018Q3,玻璃陶瓷,7.88,17.814224999999993,9.934224999999994,126.07
2538,基泰,2017Q1,建材營造,10.16,22.955841666666675,12.795841666666675,125.94
3032,偉訓,2018Q3,電子零組件業,27.19,61.43444166666665,34.244441666666646,125.94
1540,喬福,2019Q2,電機機械,19.2025,43.30851666666666,24.10601666666666,125.54
4532,瑞智,2019Q2,電機機械,16.61,37.27903333333334,20.66903333333334,124.44
1568,倉佑,2017Q4,汽車工業,20.53,45.90296666666671,25.372966666666706,123.59
2023,燁輝,2017Q3,鋼鐵工業,10.76,23.91724166666666,13.157241666666659,122.28
8201,無敵,2019Q2,其他電子業,7.46,16.566374999999994,9.106374999999993,122.07
3038,全台,2016Q2,,11.57,25.553441666666675,13.983441666666675,120.86
2498,宏達電,2018Q3,通信網路業,36.49,80.42376666666661,43.93376666666661,120.4
1527,鑽全,2018Q3,電機機械,57.41,126.031175,68.62117500000001,119.53
2605,新興,2017Q4,航運業,15.46,33.90773333333334,18.44773333333334,119.33
2239,英利-KY,2018Q4,汽車工業,100.06,219.40429999999992,119.34429999999992,119.27
3052,夆典,2016Q2,,8.69,19.04114166666665,10.351141666666651,119.12
1528,恩德,2017Q3,電機機械,11.97,26.12895000000001,14.15895000000001,118.29
3011,今皓,2018Q3,電子零組件業,8.139999999999999,17.766233333333332,9.626233333333333,118.26
1532,勤美,2016Q3,,31.215,68.05526666666663,36.84026666666662,118.02
2104,國際中橡,2017Q3,橡膠工業,43.37,94.03003333333336,50.66003333333337,116.81
1423,利華,2017Q4,紡織纖維,8.36,18.10760833333333,9.747608333333332,116.6
2540,愛山林,2018Q3,建材營造,25.13,54.19061666666667,29.06061666666667,115.64
1714,和桐,2018Q1,化學工業,6.66,14.358266666666664,7.6982666666666635,115.59
8110,華東,2017Q4,半導體業,14.685,31.641758333333325,16.956758333333326,115.47
5484,慧友,2019Q4,光電業,8.280000000000001,17.831733333333336,9.551733333333335,115.36
2423,固緯,2017Q4,其他電子業,23.49,50.51211666666665,27.02211666666665,115.04
1316,上曜,2018Q4,建材營造,12.97,27.87520000000001,14.90520000000001,114.92
2104,國際中橡,2019Q2,橡膠工業,21.18,45.47283333333331,24.292833333333313,114.7
3515,華擎,2019Q4,電腦及週邊設備業,78.09,167.5204833333334,89.4304833333334,114.52
2423,固緯,2017Q3,其他電子業,24.155,51.75298333333333,27.59798333333333,114.25
2534,宏盛,2018Q2,建材營造,31.4075,67.21293333333332,35.805433333333326,114.0
1438,三地開發,2017Q1,建材營造,5.0,10.675141666666669,5.6751416666666685,113.5
2471,資通,2019Q2,資訊服務業,17.82,38.04150833333335,20.221508333333347,113.48
1514,亞力,2017Q2,電機機械,10.335,21.975900000000006,11.640900000000006,112.64
1725,元禎,2017Q4,化學工業,14.87,31.613016666666663,16.743016666666662,112.6
1466,聚隆,2018Q4,紡織纖維,7.96,16.913474999999995,8.953474999999994,112.48
2434,統懋,2016Q2,,5.92,12.538124999999996,6.618124999999996,111.79
2539,櫻花建,2017Q3,建材營造,28.4775,60.208133333333315,31.730633333333316,111.42
1805,寶徠,2019Q1,建材營造,9.08,19.14929999999999,10.06929999999999,110.9
1456,怡華,2017Q3,建材營造,9.16,19.306266666666662,10.146266666666662,110.77
1539,巨庭,2016Q3,,24.89,52.34826666666667,27.458266666666667,110.32
1339,昭輝,2019Q3,汽車工業,44.97,94.48514166666668,49.51514166666668,110.11
5515,建國,2017Q1,建材營造,9.235,19.40018333333332,10.16518333333332,110.07
1709,和益,2017Q2,化學工業,18.7625,39.41375000000002,20.651250000000022,110.07
5607,遠雄港,2018Q1,航運業,19.47,40.831558333333334,21.361558333333335,109.72
3032,偉訓,2019Q3,電子零組件業,22.96,48.13054166666669,25.170541666666686,109.63
2457,飛宏,2019Q2,電子零組件業,6.29,13.150591666666669,6.860591666666669,109.07
6133,金橋,2016Q2,,9.24,19.314608333333332,10.074608333333332,109.03
1463,強盛新,2018Q3,紡織纖維,15.87,33.09194999999999,17.221949999999993,108.52
2302,麗正,2018Q3,半導體業,8.56,17.813599999999997,9.253599999999997,108.1
3090,日電貿,2018Q2,電子零組件業,68.0175,141.45237499999996,73.43487499999996,107.96
6117,迎廣,2019Q3,電腦及週邊設備業,13.553333333333333,28.169708333333325,14.616374999999993,107.84
1626,艾美特-KY,2019Q3,電器電纜,27.66333333333333,57.43912500000001,29.77579166666668,107.64
1735,日勝化,2016Q2,,13.64,28.136725000000002,14.496725000000001,106.28
2482,連宇,2017Q2,其他電子業,13.015,26.83063333333335,13.815633333333349,106.15
1762,中化生,2018Q3,生技醫療業,24.8825,51.265966666666685,26.383466666666685,106.03
1235,興泰,2017Q4,食品工業,36.74,75.56878333333327,38.82878333333327,105.69
1541,錩泰,2019Q4,電機機械,32.9,67.65193333333335,34.75193333333335,105.63
2511,太子,2018Q1,建材營造,11.1525,22.919049999999984,11.766549999999985,105.51
1463,強盛新,2018Q1,紡織纖維,13.03,26.77414166666668,13.74414166666668,105.48
1514,亞力,2016Q3,,10.37,21.30684166666667,10.936841666666671,105.47
2038,海光,2018Q4,鋼鐵工業,7.38,15.160733333333331,7.780733333333331,105.43
2472,立隆電,2018Q4,電子零組件業,44.1,90.59264166666661,46.49264166666661,105.43
2915,潤泰全,2019Q2,貿易百貨,66.25,135.88900833333332,69.63900833333332,105.12
2323,中環,2017Q1,光電業,4.065,8.328908333333338,4.263908333333338,104.89
9939,宏全,2018Q2,其他,49.8,101.81164166666667,52.01164166666668,104.44
4155,訊映,2017Q4,生技醫療業,29.36,59.797158333333336,30.437158333333336,103.67
1528,恩德,2018Q2,電機機械,10.36,21.062883333333325,10.702883333333325,103.31
8105,凌巨,2018Q3,光電業,10.58,21.505675,10.925675,103.27
6288,聯嘉,2019Q4,汽車工業,26.54,53.86608333333333,27.32608333333333,102.96
2414,精技,2018Q3,電子通路業,21.25,43.03837499999999,21.788374999999988,102.53
3021,鴻名,2017Q3,電子零組件業,15.7825,31.952050000000014,16.169550000000015,102.45
2107,厚生,2017Q2,橡膠工業,15.12,30.586408333333335,15.466408333333336,102.29
2642,宅配通,2019Q4,航運業,28.305,57.207816666666666,28.902816666666666,102.11
1340,勝悅-KY,2016Q3,,51.71,104.43263333333333,52.72263333333333,101.96
2427,三商電,2018Q4,資訊服務業,10.486666666666666,21.162000000000006,10.67533333333334,101.8
2488,漢平,2019Q2,其他電子業,27.46,55.37811666666666,27.918116666666663,101.67
1416,廣豐,2017Q2,其他,16.16,32.58216666666665,16.42216666666665,101.62
3209,全科,2019Q3,電子通路業,18.53,37.34266666666665,18.81266666666665,101.53
1442,名軒,2017Q2,建材營造,19.9025,40.099216666666685,20.196716666666685,101.48
1108,幸福,2019Q4,水泥工業,7.385,14.848941666666674,7.463941666666674,101.07
1529,樂事綠能,2019Q4,電機機械,15.96,31.994200000000006,16.034200000000006,100.46
1612,宏泰,2018Q2,電器電纜,10.27,20.570858333333334,10.300858333333334,100.3
2460,建通,2017Q1,電子零組件業,12.12,24.25680000000001,12.13680000000001,100.14
1455,集盛,2018Q3,紡織纖維,8.88,17.74343333333335,8.863433333333349,99.81
3231,緯創,2019Q3,電腦及週邊設備業,25.41,50.73020000000004,25.32020000000004,99.65
2449,京元電子,2019Q4,半導體業,34.67,69.20901666666668,34.53901666666668,99.62
8011,台通,2017Q2,通信網路業,19.67,39.26300833333335,19.59300833333335,99.61
2109,華豐,2016Q3,,10.92,21.76364166666666,10.843641666666661,99.3
5522,遠雄,2018Q4,建材營造,34.7,68.913625,34.21362499999999,98.6
1714,和桐,2018Q3,化學工業,7.45,14.78253333333334,7.33253333333334,98.42
1609,大亞,2017Q4,電器電纜,13.68,27.116916666666672,13.436916666666672,98.22
6164,華興,2018Q2,光電業,8.9,17.619616666666673,8.719616666666672,97.97
2027,大成鋼,2017Q3,鋼鐵工業,18.8,37.10974999999999,18.30974999999999,97.39
8940,新天地,2018Q3,觀光餐旅,12.37,24.34353333333333,11.97353333333333,96.79
1459,聯發,2016Q2,,8.91,17.526441666666656,8.616441666666656,96.71
2495,普安,2019Q4,電腦及週邊設備業,12.37,24.27850833333333,11.908508333333332,96.27
2431,聯昌,2017Q4,電子零組件業,10.86,21.259191666666656,10.399191666666656,95.76
5215,科嘉-KY,2019Q4,電腦及週邊設備業,59.370000000000005,116.03492500000004,56.66492500000004,95.44
2511,太子,2019Q2,建材營造,11.83,23.068066666666663,11.238066666666663,95.0
9919,康那香,2019Q1,其他,10.43,20.31570833333333,9.88570833333333,94.78
8110,華東,2018Q2,半導體業,11.25,21.853216666666672,10.603216666666672,94.25
6226,光鼎,2017Q4,光電業,10.0275,19.468708333333332,9.441208333333332,94.15
6477,安集,2017Q3,光電業,22.53,43.73354166666665,21.203541666666652,94.11
6525,捷敏-KY,2017Q4,半導體業,81.8,158.77651666666662,76.97651666666663,94.1
1539,巨庭,2017Q2,電機機械,18.05,34.95745833333335,16.90745833333335,93.67
1305,華夏,2018Q4,塑膠工業,20.02,38.71486666666667,18.694866666666673,93.38
2607,榮運,2019Q4,航運業,13.38,25.846474999999987,12.466474999999987,93.17
2495,普安,2017Q2,電腦及週邊設備業,14.133333333333333,27.297033333333328,13.163699999999995,93.14
1235,興泰,2018Q4,食品工業,27.7675,53.596483333333374,25.828983333333376,93.02
2538,基泰,2017Q2,建材營造,10.33,19.907825000000006,9.577825000000006,92.72
4934,太極,2018Q2,光電業,4.78,9.198149999999998,4.418149999999998,92.43
1709,和益,2018Q3,化學工業,15.39,29.563291666666665,14.173291666666664,92.09
6230,尼得科超眾,2016Q4,,99.09,189.48435,90.39435,91.22
2607,榮運,2019Q2,航運業,13.91,26.59476666666667,12.684766666666668,91.19
3023,信邦,2018Q3,電子零組件業,84.06,160.68857499999993,76.62857499999993,91.16
2476,鉅祥,2019Q3,電子零組件業,22.2,42.412183333333324,20.212183333333325,91.05
1216,統一,2017Q4,食品工業,64.8,123.49329999999995,58.69329999999995,90.58
1312,國喬,2017Q4,塑膠工業,29.525,56.115108333333346,26.590108333333347,90.06
1517,利奇,2019Q1,電機機械,9.323333333333332,17.715666666666667,8.392333333333335,90.01
1454,台富,2019Q1,紡織纖維,7.93,15.024899999999993,7.094899999999994,89.47
8213,志超,2019Q3,電子零組件業,34.45333333333333,65.21376666666664,30.76043333333331,89.28
2471,資通,2018Q2,資訊服務業,14.835,28.026725000000006,13.191725000000005,88.92
2543,皇昌,2016Q3,,8.97,16.933624999999992,7.9636249999999915,88.78
9912,偉聯,2018Q1,電腦及週邊設備業,10.0,18.807641666666658,8.807641666666658,88.08
2488,漢平,2017Q3,其他電子業,30.32,57.021116666666664,26.701116666666664,88.06
3550,聯穎,2019Q2,電子零組件業,10.8,20.297441666666668,9.497441666666667,87.94
8940,新天地,2017Q2,觀光餐旅,13.933333333333332,26.163633333333333,12.230300000000002,87.78
1310,台苯,2018Q2,塑膠工業,23.595,44.30321666666666,20.708216666666658,87.77
9911,櫻花,2019Q3,居家生活,45.290000000000006,84.96609999999998,39.67609999999998,87.6
9902,台火,2018Q1,其他,9.32,17.48289166666668,8.162891666666681,87.58
1339,昭輝,2017Q3,汽車工業,42.93,80.05879166666666,37.128791666666665,86.49
1709,和益,2017Q3,化學工業,18.94,35.277475,16.337475,86.26
2017,官田鋼,2018Q1,鋼鐵工業,9.8025,18.13309166666666,8.330591666666662,84.98
8271,宇瞻,2018Q3,半導體業,32.04,59.25913333333336,27.21913333333336,84.95
3029,零壹,2017Q3,資訊服務業,19.56,36.13356666666669,16.57356666666669,84.73
1711,永光,2019Q3,化學工業,15.413333333333332,28.35369999999999,12.940366666666657,83.96
1304,台聚,2018Q3,塑膠工業,11.78,21.667199999999994,9.887199999999995,83.93
2505,國揚,2019Q4,建材營造,16.69,30.665083333333325,13.975083333333323,83.73
2910,統領,2018Q4,貿易百貨,27.32,50.164024999999974,22.844024999999974,83.62
1444,力麗,2017Q1,紡織纖維,8.04,14.754199999999996,6.714199999999996,83.51
2472,立隆電,2016Q3,,39.68,72.80490000000003,33.12490000000003,83.48
8374,羅昇,2018Q2,電機機械,21.18,38.75893333333333,17.57893333333333,83.0
5534,長虹,2019Q2,建材營造,78.41000000000001,143.44145,65.03144999999999,82.94
2442,新美齊,2018Q3,建材營造,14.61,26.637666666666668,12.027666666666669,82.32
2472,立隆電,2018Q3,電子零組件業,39.7,72.30555833333335,32.60555833333335,82.13
1459,聯發,2017Q4,紡織纖維,9.68,17.62908333333334,7.949083333333341,82.12
2399,映泰,2018Q1,電腦及週邊設備業,16.05,29.168574999999997,13.118574999999996,81.74
3481,群創,2018Q2,光電業,10.05,18.22404166666667,8.174041666666668,81.33
1313,聯成,2017Q1,塑膠工業,13.36,24.198433333333355,10.838433333333356,81.13
2425,承啟,2018Q4,電腦及週邊設備業,27.75,50.26156666666666,22.51156666666666,81.12
2010,春源,2019Q3,鋼鐵工業,9.65,17.443958333333352,7.793958333333352,80.77
1103,嘉泥,2017Q4,水泥工業,12.74,22.864558333333335,10.124558333333335,79.47
6674,鋐寶科技,2019Q2,通信網路業,19.83,35.350674999999995,15.520674999999997,78.27
1468,昶和,2018Q3,紡織纖維,10.2875,18.33200833333334,8.044508333333342,78.2
1731,美吾華,2019Q1,生技醫療業,13.215,23.524,10.309000000000001,78.01
2204,中華,2018Q2,汽車工業,26.4975,47.12689999999997,20.629399999999972,77.85
1416,廣豐,2017Q3,其他,17.79,31.57300000000001,13.783000000000012,77.48
1905,華紙,2018Q3,造紙工業,9.64,17.086741666666672,7.4467416666666715,77.25
2511,太子,2018Q2,建材營造,11.11,19.643066666666673,8.533066666666674,76.81
2484,希華,2016Q2,,20.39,36.03938333333333,15.649383333333333,76.75
3031,佰鴻,2018Q1,光電業,11.15,19.68910833333333,8.53910833333333,76.58
1541,錩泰,2017Q4,電機機械,31.06,54.40155000000002,23.341550000000023,75.15
2472,立隆電,2019Q3,電子零組件業,36.77,64.36475000000002,27.594750000000012,75.05
3711,日月光投控,2018Q3,半導體業,60.88,106.52432499999995,45.644324999999945,74.97
2313,華通,2019Q4,電子零組件業,39.59,69.193925,29.60392499999999,74.78
2482,連宇,2018Q3,其他電子業,10.55,18.438325,7.888324999999998,74.77
1323,永裕,2017Q4,塑膠工業,36.9825,64.61852500000003,27.636025000000032,74.73
6257,矽格,2017Q3,半導體業,26.1,45.59924999999998,19.499249999999975,74.71
2024,志聯,2019Q3,鋼鐵工業,11.84,20.68088333333334,8.840883333333341,74.67
2383,台光電,2017Q3,電子零組件業,106.4175,185.85157500000003,79.43407500000002,74.64
1732,毛寶,2017Q2,化學工業,12.18,21.26684166666668,9.086841666666679,74.6
1324,地球,2018Q2,塑膠工業,11.0,19.203033333333327,8.203033333333327,74.57
1445,大宇,2017Q2,紡織纖維,8.43,14.667233333333332,6.237233333333332,73.99
5533,皇鼎,2019Q1,建材營造,15.885,27.57163333333333,11.686633333333331,73.57
6206,飛捷,2017Q4,電腦及週邊設備業,75.56,131.10234999999994,55.54234999999994,73.51
4560,強信-KY,2018Q2,電機機械,54.2275,93.99890833333339,39.77140833333339,73.34
2413,環科,2019Q2,電子零組件業,10.35,17.890608333333336,7.540608333333337,72.86
1737,臺鹽,2018Q4,食品工業,30.585,52.741325,22.156325000000002,72.44
2444,兆勁,2016Q2,,15.14,26.04942499999999,10.909424999999988,72.06
8131,福懋科,2017Q4,半導體業,31.705,54.5432,22.8382,72.03
8940,新天地,2017Q3,觀光餐旅,13.92,23.942441666666664,10.022441666666664,72.0
1341,富林-KY,2019Q4,塑膠工業,58.65,100.7898916666667,42.139891666666706,71.85
2706,第一店,2017Q3,觀光餐旅,14.9,25.583858333333325,10.683858333333324,71.7
9927,泰銘,2019Q4,其他,28.11,48.26209166666668,20.152091666666678,71.69
6670,復盛應用,2018Q4,運動休閒,164.79000000000002,282.6388749999998,117.8488749999998,71.51
1419,新紡,2017Q4,紡織纖維,44.09,75.47965833333332,31.389658333333315,71.19
2367,燿華,2018Q1,電子零組件業,15.71,26.886716666666675,11.176716666666675,71.14
2496,卓越,2018Q4,其他,70.61,120.83107499999998,50.221074999999985,71.12
2392,正崴,2019Q4,電子零組件業,37.245000000000005,63.62450833333332,26.379508333333312,70.83
3025,星通,2017Q3,通信網路業,19.46333333333333,33.20683333333332,13.74349999999999,70.61
3679,新至陞,2019Q4,電子零組件業,67.3,114.79702500000003,47.497025000000036,70.58
1604,聲寶,2018Q1,電器電纜,13.85,23.57046666666666,9.720466666666661,70.18
3031,佰鴻,2018Q3,光電業,11.85,20.163041666666675,8.313041666666676,70.15
2438,翔耀,2016Q3,,8.61,14.632991666666674,6.022991666666675,69.95
2399,映泰,2016Q3,,9.4,15.955824999999997,6.555824999999997,69.74
3002,歐格,2018Q3,電腦及週邊設備業,9.99,16.947716666666675,6.957716666666675,69.65
2356,英業達,2016Q4,,23.57,39.98209166666666,16.41209166666666,69.63
1110,東泥,2017Q4,水泥工業,13.86,23.508025000000007,9.648025000000008,69.61
1517,利奇,2019Q2,電機機械,7.39,12.527716666666665,5.137716666666665,69.52
2355,敬鵬,2016Q3,,60.95,103.16390833333335,42.21390833333335,69.26
2430,燦坤,2019Q1,電子通路業,16.69,28.223108333333336,11.533108333333335,69.1
1904,正隆,2017Q1,造紙工業,15.305,25.750099999999996,10.445099999999996,68.25
4952,凌通,2016Q3,,39.96,67.19045,27.230449999999998,68.14
8443,阿瘦,2016Q4,,14.17,23.779325,9.609325,67.81
6579,研揚,2018Q3,電腦及週邊設備業,82.79,138.79475833333328,56.00475833333327,67.65
2434,統懋,2018Q3,半導體業,6.77,11.34899999999999,4.57899999999999,67.64
5283,禾聯碩,2019Q2,電器電纜,94.295,157.95786666666663,63.66286666666663,67.51
1229,聯華,2017Q3,食品工業,28.26,47.30393333333332,19.043933333333317,67.39
4545,銘鈺,2016Q4,,35.365,59.17234166666669,23.807341666666687,67.32
1714,和桐,2017Q1,化學工業,8.524999999999999,14.240141666666668,5.7151416666666695,67.04
4426,利勤,2016Q3,,87.57499999999999,145.91479166666662,58.33979166666663,66.62
4999,鑫禾,2016Q4,,54.29,90.42285833333335,36.13285833333335,66.56
1522,堤維西,2017Q4,汽車工業,30.62,50.868275,20.248274999999996,66.13
1312,國喬,2017Q1,塑膠工業,21.055,34.911341666666665,13.856341666666665,65.81
2608,嘉里大榮,2019Q4,航運業,38.91,64.45505000000004,25.545050000000046,65.65
1304,台聚,2018Q4,塑膠工業,13.23,21.852958333333323,8.622958333333322,65.18
6165,浪凡,2017Q4,數位雲端,9.39,15.488691666666659,6.098691666666658,64.95
6141,柏承,2017Q1,電子零組件業,14.92,24.568400000000015,9.648400000000015,64.67
3003,健和興,2019Q4,電子零組件業,40.45,66.59348333333332,26.14348333333332,64.63
8940,新天地,2016Q3,,14.57,23.982375000000005,9.412375000000004,64.6
8443,阿瘦,2017Q2,貿易百貨,14.44,23.753083333333343,9.313083333333344,64.5
2616,山隆,2017Q1,油電燃氣業,30.56,50.23290833333333,19.67290833333333,64.37
3557,嘉威,2020Q1,居家生活,49.26,80.96339999999994,31.703399999999938,64.36
1339,昭輝,2017Q2,汽車工業,45.54,74.82034166666665,29.28034166666665,64.3
2015,豐興,2017Q3,鋼鐵工業,52.54,86.19796666666663,33.65796666666663,64.06
1525,江申,2018Q3,汽車工業,56.14,91.92850000000004,35.78850000000004,63.75
2501,國建,2017Q1,建材營造,18.4725,30.23505833333333,11.762558333333331,63.68
3703,欣陸,2017Q4,建材營造,15.96,26.073150000000005,10.113150000000005,63.37
1305,華夏,2019Q3,塑膠工業,14.8,24.150108333333336,9.350108333333335,63.18
1218,泰山,2017Q3,食品工業,18.145,29.56146666666666,11.416466666666661,62.92
1470,大統新創,2016Q3,,18.54,30.119333333333326,11.579333333333327,62.46
6177,達麗,2017Q3,建材營造,33.895,55.046316666666684,21.15131666666668,62.4
1711,永光,2018Q3,化學工業,16.88,27.382825000000004,10.502825000000005,62.22
4755,三福化,2017Q3,化學工業,40.77,65.93905833333332,25.169058333333318,61.73
1802,台玻,2018Q2,玻璃陶瓷,13.68,22.10089166666667,8.42089166666667,61.56
6141,柏承,2019Q3,電子零組件業,20.58333333333333,33.238141666666664,12.654808333333335,61.48
3702,大聯大,2019Q3,電子通路業,37.943333333333335,61.16141666666668,23.218083333333347,61.19
9924,福興,2016Q3,,42.135,67.70251666666667,25.56751666666667,60.68
1725,元禎,2019Q3,化學工業,14.075,22.609825,8.534825000000001,60.64
2461,光群雷,2019Q2,其他電子業,18.77,30.068633333333356,11.298633333333356,60.2
2449,京元電子,2017Q2,半導體業,30.55,48.90122499999997,18.351224999999967,60.07
1906,寶隆,2018Q1,造紙工業,15.16,24.262900000000005,9.102900000000005,60.05
2404,漢唐,2018Q4,其他電子業,88.36,141.3488333333333,52.98883333333329,59.97
5706,鳳凰,2017Q2,觀光餐旅,35.33,56.50540833333334,21.175408333333344,59.94
1444,力麗,2018Q2,紡織纖維,10.05,16.06339999999999,6.01339999999999,59.83
6197,佳必琪,2018Q4,電子零組件業,28.83,45.83953333333336,17.00953333333336,59.0
3004,豐達科,2018Q2,鋼鐵工業,58.67,93.26473333333334,34.59473333333334,58.96
9940,信義,2019Q2,其他,28.16,44.73691666666666,16.57691666666666,58.87
4560,強信-KY,2017Q3,電機機械,43.71,69.37654166666664,25.66654166666664,58.72
6139,亞翔,2017Q4,其他電子業,34.31666666666667,54.26656666666665,19.949899999999978,58.13
1213,大飲,2016Q3,,17.13,27.077691666666666,9.947691666666667,58.07
6202,盛群,2018Q4,半導體業,66.46,104.73359999999998,38.27359999999999,57.59
3031,佰鴻,2018Q2,光電業,12.32,19.409833333333335,7.089833333333335,57.55
3094,聯傑,2017Q4,半導體業,21.85,34.423083333333345,12.573083333333344,57.54
1517,利奇,2017Q4,電機機械,10.83,17.05708333333334,6.227083333333338,57.5
5521,工信,2018Q2,建材營造,7.94,12.491616666666664,4.551616666666663,57.33
1103,嘉泥,2018Q2,水泥工業,13.33,20.964166666666674,7.634166666666674,57.27
1436,華友聯,2018Q1,建材營造,36.94,58.02612500000003,21.08612500000003,57.08
3055,蔚華科,2016Q3,,16.9,26.543699999999998,9.643699999999999,57.06
2032,新鋼,2018Q4,鋼鐵工業,9.52,14.945083333333336,5.425083333333337,56.99
2033,佳大,2018Q1,鋼鐵工業,12.795,20.057849999999995,7.262849999999995,56.76
6243,迅杰,2018Q1,半導體業,10.68,16.73953333333334,6.059533333333341,56.74
2543,皇昌,2016Q2,,9.13,14.255400000000003,5.125400000000003,56.14
1732,毛寶,2017Q1,化學工業,12.805,19.952091666666668,7.147091666666668,55.81
2434,統懋,2018Q2,半導體業,8.92,13.891508333333343,4.971508333333343,55.73
2458,義隆,2018Q3,半導體業,51.55,80.24644166666666,28.696441666666658,55.67
3094,聯傑,2018Q2,半導體業,19.99,31.115600000000015,11.125600000000016,55.66
1517,利奇,2018Q1,電機機械,9.88,15.322616666666669,5.442616666666668,55.09
3050,鈺德,2018Q1,光電業,12.07,18.715008333333326,6.645008333333326,55.05
4916,事欣科,2019Q2,電腦及週邊設備業,32.0875,49.70431666666667,17.616816666666672,54.9
2495,普安,2016Q3,,16.445,25.394341666666673,8.949341666666673,54.42
1218,泰山,2019Q4,食品工業,22.29,34.41788333333332,12.127883333333322,54.41
1727,中華化,2018Q4,化學工業,12.2,18.826950000000007,6.626950000000008,54.32
3701,大眾控,2019Q2,電腦及週邊設備業,13.675,21.015733333333333,7.340733333333333,53.68
1809,中釉,2017Q3,玻璃陶瓷,13.046666666666669,20.048800000000007,7.002133333333338,53.67
3037,欣興,2018Q4,電子零組件業,23.08,35.41346666666667,12.333466666666673,53.44
2480,敦陽科,2018Q2,資訊服務業,39.27666666666666,60.15981666666669,20.883150000000036,53.17
2634,漢翔,2016Q4,,33.67,51.500941666666655,17.830941666666654,52.96
2373,震旦行,2018Q3,其他電子業,96.4475,147.42801666666665,50.980516666666645,52.86
6451,訊芯-KY,2016Q4,,104.39,159.351325,54.961325,52.65
3694,海華,2017Q3,通信網路業,17.15,26.17279166666664,9.022791666666642,52.61
4720,德淵,2017Q2,化學工業,14.49,22.064833333333336,7.574833333333336,52.28
3702,大聯大,2016Q3,,38.8,59.07759166666667,20.277591666666673,52.26
1402,遠東新,2019Q2,紡織纖維,26.705,40.64652500000001,13.941525000000013,52.21
8213,志超,2016Q4,,31.67,48.11154166666663,16.44154166666663,51.92
2313,華通,2018Q3,電子零組件業,25.31,38.40306666666667,13.093066666666669,51.73
9939,宏全,2019Q2,其他,53.91,81.69693333333333,27.786933333333337,51.54
1102,亞泥,2018Q3,水泥工業,37.156666666666666,56.26435833333335,19.107691666666682,51.42
1423,利華,2019Q4,紡織纖維,9.995,15.121800000000006,5.1268000000000065,51.29
2929,淘帝-KY,2018Q3,貿易百貨,85.34,129.09306666666677,43.75306666666677,51.27
1452,宏益,2017Q2,紡織纖維,23.2,35.04068333333333,11.840683333333327,51.04
9942,茂順,2017Q4,其他,86.18,129.59730833333336,43.41730833333335,50.38
6235,華孚,2019Q1,電腦及週邊設備業,13.06,19.623991666666672,6.563991666666672,50.26
9944,新麗,2016Q4,,19.32,29.025566666666673,9.705566666666673,50.24
3338,泰碩,2016Q4,,33.09,49.671925000000016,16.581925000000012,50.11
8215,明基材,2018Q2,光電業,18.56,27.856224999999995,9.296224999999996,50.09
2338,光罩,2019Q4,半導體業,30.79,46.139008333333315,15.349008333333316,49.85
1909,榮成,2018Q1,造紙工業,16.15,24.180400000000013,8.030400000000014,49.72
3002,歐格,2017Q2,電腦及週邊設備業,13.5225,20.23618333333332,6.713683333333318,49.65
8482,商億-KY,2018Q3,居家生活,98.77,147.79873333333336,49.02873333333336,49.64
1711,永光,2017Q4,化學工業,17.96,26.83297499999997,8.872974999999968,49.4
2459,敦吉,2017Q4,其他電子業,41.445,61.72852500000003,20.283525000000033,48.94
9931,欣高,2018Q2,油電燃氣業,32.370000000000005,48.20835833333333,15.838358333333325,48.93
3694,海華,2017Q4,通信網路業,16.74,24.912058333333306,8.172058333333307,48.82
2417,圓剛,2016Q3,,11.045,16.40850833333333,5.36350833333333,48.56
1733,五鼎,2016Q3,,33.79,49.95084166666665,16.16084166666665,47.83
2428,興勤,2017Q3,電子零組件業,90.4225,133.66619166666666,43.24369166666666,47.82
1503,士電,2018Q3,電機機械,44.59,65.90259999999995,21.312599999999946,47.8
9929,秋雨,2017Q4,其他,11.13,16.442466666666654,5.312466666666653,47.73
2425,承啟,2016Q4,,17.29,25.542216666666675,8.252216666666676,47.73
6128,上福,2019Q1,電腦及週邊設備業,31.155,45.93665000000001,14.781650000000006,47.45
1339,昭輝,2016Q2,,41.98,61.818299999999994,19.838299999999997,47.26
5215,科嘉-KY,2019Q3,電腦及週邊設備業,63.39,93.26747499999999,29.87747499999999,47.13
3576,聯合再生,2017Q4,光電業,11.935,17.56010000000001,5.625100000000009,47.13
1540,喬福,2016Q3,,15.28,22.47851666666668,7.198516666666679,47.11
1459,聯發,2018Q3,紡織纖維,7.959999999999999,11.708983333333332,3.7489833333333333,47.1
4414,如興,2017Q3,紡織纖維,15.655,23.024224999999998,7.369224999999998,47.07
2106,建大,2016Q2,,50.05,73.32515000000004,23.27515000000004,46.5
2704,國賓,2016Q3,,23.41,34.29120833333334,10.881208333333337,46.48
8271,宇瞻,2018Q2,半導體業,32.155,46.846666666666685,14.691666666666684,45.69
2471,資通,2017Q2,資訊服務業,15.6425,22.777508333333348,7.135008333333348,45.61
3593,力銘,2018Q1,電子零組件業,9.34,13.593116666666669,4.253116666666669,45.54
6224,聚鼎,2018Q2,電子零組件業,61.28,89.06440000000003,27.784400000000034,45.34
3023,信邦,2017Q4,電子零組件業,82.52,119.6192083333333,37.09920833333331,44.96
6215,和椿,2016Q3,,13.81,19.981375,6.171374999999999,44.69
1733,五鼎,2016Q2,,40.05,57.923591666666645,17.87359166666665,44.63
2008,高興昌,2019Q1,鋼鐵工業,12.356666666666667,17.85834166666667,5.501675000000004,44.52
3030,德律,2018Q3,其他電子業,50.37,72.60874166666663,22.238741666666634,44.15
6165,浪凡,2019Q4,數位雲端,18.06,26.03385000000001,7.973850000000013,44.15
3515,華擎,2019Q3,電腦及週邊設備業,69.67,100.30017500000004,30.630175000000037,43.96
1776,展宇,2019Q2,化學工業,15.81,22.70435833333335,6.894358333333349,43.61
2484,希華,2017Q2,電子零組件業,20.035,28.767974999999996,8.732974999999996,43.59
1101,台泥,2019Q2,水泥工業,44.48,63.80270833333336,19.32270833333336,43.44
2908,特力,2017Q3,貿易百貨,22.69,32.52267500000001,9.832675000000005,43.33
2433,互盛電,2019Q4,其他電子業,51.36,73.60105,22.24105,43.3
2369,菱生,2017Q3,半導體業,14.6775,21.026108333333344,6.348608333333344,43.25
2712,遠雄來,2016Q3,,25.46,36.43169166666667,10.971691666666672,43.09
1611,中電,2018Q2,電器電纜,10.3125,14.737275000000006,4.424775000000006,42.91
2535,達欣工,2017Q1,建材營造,18.805,26.859824999999987,8.054824999999987,42.83
1460,宏遠,2018Q4,紡織纖維,10.28,14.654625000000005,4.374625000000005,42.55
1608,華榮,2018Q1,電器電纜,11.46,16.331100000000006,4.8711000000000055,42.51
8222,寶一,2019Q2,電機機械,18.0775,25.723,7.645499999999998,42.29
1465,偉全,2018Q1,紡織纖維,14.12,20.074758333333325,5.954758333333325,42.17
5285,界霖,2017Q2,半導體業,45.69,64.91172499999999,19.221724999999992,42.07
2379,瑞昱,2017Q4,半導體業,105.44,149.6460166666666,44.20601666666661,41.93
2348,海悅,2018Q2,其他,50.65,71.774175,21.124175,41.71
2362,藍天,2019Q3,電腦及週邊設備業,30.87,43.74679166666666,12.876791666666659,41.71
6205,詮欣,2019Q2,電子零組件業,20.13,28.522650000000016,8.392650000000017,41.69
6139,亞翔,2018Q3,其他電子業,27.49,38.93233333333333,11.442333333333334,41.62
2415,錩新,2017Q2,電子零組件業,22.91,32.40264166666669,9.492641666666689,41.43
2029,盛餘,2018Q3,鋼鐵工業,18.74,26.486191666666677,7.746191666666679,41.34
2344,華邦電,2020Q1,半導體業,13.01,18.322150000000008,5.312150000000008,40.83
1611,中電,2018Q3,電器電纜,9.48,13.350466666666673,3.8704666666666725,40.83
9942,茂順,2016Q4,,81.77,115.05507500000003,33.285075000000035,40.71
1102,亞泥,2018Q2,水泥工業,33.36,46.84069999999999,13.480699999999992,40.41
1440,南紡,2019Q2,紡織纖維,9.51,13.34539166666667,3.83539166666667,40.33
4306,炎洲,2017Q1,塑膠工業,13.366666666666667,18.710858333333334,5.344191666666667,39.98
2538,基泰,2018Q4,建材營造,11.67,16.32813333333334,4.658133333333341,39.92
8081,致新,2019Q4,半導體業,113.935,159.29032499999994,45.35532499999994,39.81
2613,中櫃,2017Q3,航運業,12.765,17.827141666666677,5.062141666666676,39.66
9939,宏全,2017Q2,其他,57.3925,80.01044166666665,22.617941666666653,39.41
2006,東和鋼鐵,2017Q3,鋼鐵工業,23.81,33.12279166666664,9.312791666666644,39.11
4999,鑫禾,2017Q2,電子零組件業,50.87,70.69255833333334,19.82255833333334,38.97
2704,國賓,2016Q2,,23.58,32.75704166666668,9.177041666666682,38.92
9938,百和,2016Q4,,105.42,146.2811833333334,40.861183333333386,38.76
1721,三晃,2018Q3,化學工業,9.17,12.720599999999989,3.5505999999999887,38.72
8112,至上,2017Q2,電子通路業,30.7225,42.583358333333315,11.860858333333315,38.61
1473,台南,2016Q2,,28.3,39.213375000000006,10.913375000000006,38.56
8131,福懋科,2019Q4,半導體業,35.87,49.69312499999999,13.82312499999999,38.54
4919,新唐,2018Q3,半導體業,44.89,62.02639166666666,17.13639166666666,38.17
2727,王品,2017Q3,觀光餐旅,98.99,136.66694166666653,37.676941666666536,38.06
3037,欣興,2018Q1,電子零組件業,18.876666666666665,26.01431666666665,7.1376499999999865,37.81
2109,華豐,2019Q1,橡膠工業,11.02,15.161858333333335,4.141858333333335,37.58
4960,誠美材,2017Q4,光電業,9.98,13.72689999999999,3.7468999999999895,37.54
6117,迎廣,2018Q3,電腦及週邊設備業,14.14,19.419241666666668,5.2792416666666675,37.34
1229,聯華,2017Q2,食品工業,27.49,37.60845,10.11845,36.81
2426,鼎元,2018Q2,光電業,22.14,30.27038333333332,8.13038333333332,36.72
3705,永信,2016Q4,,40.08,54.72177499999996,14.64177499999996,36.53
2375,凱美,2016Q4,,17.41,23.711158333333337,6.301158333333337,36.19
9945,潤泰新,2017Q2,其他,34.08,46.23638333333332,12.156383333333324,35.67
6201,亞弘電,2019Q3,其他電子業,34.00333333333333,46.10157499999998,12.098241666666652,35.58
2601,益航,2018Q2,貿易百貨,11.8975,16.123891666666665,4.2263916666666645,35.52
4306,炎洲,2019Q1,塑膠工業,12.49,16.903891666666667,4.413891666666666,35.34
2607,榮運,2017Q1,航運業,14.1475,19.143391666666663,4.995891666666662,35.31
3229,晟鈦,2016Q2,,10.36,14.010141666666662,3.650141666666663,35.23
2314,台揚,2017Q4,通信網路業,21.34,28.835475000000006,7.495475000000006,35.12
2108,南帝,2017Q3,橡膠工業,23.38,31.58209166666666,8.20209166666666,35.08
3052,夆典,2019Q3,建材營造,11.82,15.963825,4.143825,35.06
5706,鳳凰,2019Q4,觀光餐旅,39.57,53.441466666666656,13.871466666666656,35.06
2603,長榮,2018Q1,航運業,12.19,16.45284166666667,4.262841666666672,34.97
1817,凱撒衛,2016Q3,,38.46,51.90628333333332,13.44628333333332,34.96
6189,豐藝,2019Q2,電子通路業,33.89,45.718025,11.828024999999997,34.9
3046,建碁,2018Q1,電腦及週邊設備業,21.02,28.34253333333334,7.3225333333333396,34.84
1440,南紡,2017Q2,紡織纖維,13.28,17.88282500000001,4.602825000000012,34.66
1734,杏輝,2020Q1,生技醫療業,18.67,25.12020833333332,6.450208333333318,34.55
8467,波力-KY,2017Q4,運動休閒,29.95,40.265508333333315,10.315508333333316,34.44
2722,夏都,2017Q3,觀光餐旅,30.46,40.920825,10.460825,34.34
2701,萬企,2018Q1,觀光餐旅,12.52,16.803466666666672,4.283466666666673,34.21
2031,新光鋼,2018Q2,鋼鐵工業,37.24,49.85758333333334,12.617583333333336,33.88
5871,中租-KY,2018Q2,其他,102.69,137.43455833333334,34.744558333333345,33.83
1503,士電,2018Q4,電機機械,45.39,60.72256666666668,15.332566666666679,33.78
9802,鈺齊-KY,2019Q4,運動休閒,124.1,165.84692499999997,41.746924999999976,33.64
1305,華夏,2018Q1,塑膠工業,24.295,32.466399999999986,8.171399999999984,33.63
2032,新鋼,2017Q1,鋼鐵工業,10.0,13.360441666666663,3.360441666666663,33.6
3706,神達,2017Q4,電腦及週邊設備業,30.59,40.75769166666665,10.167691666666652,33.24
3209,全科,2016Q3,,25.61,34.03685833333333,8.426858333333328,32.9
1805,寶徠,2017Q4,建材營造,12.465,16.564658333333337,4.099658333333338,32.89
2062,橋椿,2016Q3,,41.46,54.98123333333332,13.52123333333332,32.61
8996,高力,2018Q3,電機機械,44.6775,59.23115833333333,14.553658333333331,32.57
2630,亞航,2018Q4,航運業,19.54,25.65009166666666,6.110091666666662,31.27
3669,圓展,2018Q3,通信網路業,17.36,22.775216666666655,5.415216666666655,31.19
8926,台汽電,2018Q4,油電燃氣業,27.36,35.89265000000001,8.532650000000011,31.19
4414,如興,2019Q2,紡織纖維,11.7725,15.440283333333316,3.6677833333333147,31.16
1721,三晃,2018Q1,化學工業,10.23,13.41326666666667,3.18326666666667,31.12
9944,新麗,2017Q4,其他,17.535,22.95731666666666,5.42231666666666,30.92
2430,燦坤,2017Q2,電子通路業,23.630000000000003,30.931583333333325,7.301583333333323,30.9
2303,聯電,2020Q1,半導體業,14.31,18.716891666666672,4.406891666666672,30.8
2706,第一店,2016Q3,,16.86,22.043666666666663,5.183666666666664,30.75
1905,華紙,2018Q1,造紙工業,10.13,13.22106666666667,3.09106666666667,30.51
2359,所羅門,2019Q2,其他電子業,20.77,27.103774999999995,6.333774999999996,30.49
4943,康控-KY,2018Q4,電子零組件業,173.98,226.93137499999986,52.95137499999987,30.44
2353,宏碁,2016Q2,,14.51,18.879733333333323,4.369733333333324,30.12
6591,動力-KY,2019Q4,電腦及週邊設備業,55.51,72.05423333333329,16.54423333333329,29.8
1464,得力,2017Q3,紡織纖維,25.3625,32.869266666666654,7.506766666666653,29.6
2006,東和鋼鐵,2020Q1,鋼鐵工業,22.18,28.736941666666656,6.556941666666656,29.56
1513,中興電,2017Q1,電機機械,20.54,26.593008333333326,6.053008333333327,29.47
2712,遠雄來,2016Q4,,25.2,32.596574999999994,7.396574999999995,29.35
2402,毅嘉,2018Q3,電子零組件業,14.7,19.004291666666667,4.304291666666668,29.28
1504,東元,2018Q1,電機機械,18.05,23.327150000000007,5.277150000000006,29.24
3034,聯詠,2019Q4,半導體業,199.125,256.97428333333335,57.84928333333335,29.05
8374,羅昇,2018Q4,電機機械,21.54,27.78916666666667,6.249166666666671,29.01
3037,欣興,2017Q3,電子零組件業,17.21,22.170941666666664,4.960941666666663,28.83
5007,三星,2017Q4,鋼鐵工業,56.6875,72.98569999999994,16.298199999999937,28.75
9918,欣天然,2018Q3,油電燃氣業,33.85,43.57569166666671,9.725691666666705,28.73
3014,聯陽,2017Q2,半導體業,36.39,46.73149166666666,10.341491666666663,28.42
1464,得力,2016Q3,,29.28,37.556166666666634,8.276166666666633,28.27
8249,菱光,2018Q3,電子零組件業,22.33,28.62455,6.294550000000001,28.19
2329,華泰,2017Q4,半導體業,9.585,12.24180000000001,2.6568000000000094,27.72
1301,台塑,2018Q2,塑膠工業,108.51,138.33945833333328,29.829458333333278,27.49
3669,圓展,2017Q1,通信網路業,21.2375,27.014908333333327,5.777408333333327,27.2
6243,迅杰,2017Q4,半導體業,16.1925,20.57487499999999,4.382374999999993,27.06
3454,晶睿,2019Q2,光電業,99.1925,125.96424166666674,26.771741666666742,26.99
1583,程泰,2018Q3,電機機械,57.15,72.39664999999998,15.246649999999981,26.68
3025,星通,2017Q2,通信網路業,15.86,20.083150000000014,4.223150000000015,26.63
2701,萬企,2016Q3,,14.04,17.769258333333347,3.729258333333348,26.56
3528,安馳,2019Q2,電子通路業,40.21,50.86661666666671,10.656616666666707,26.5
2303,聯電,2017Q2,半導體業,13.79,17.397416666666665,3.6074166666666656,26.16
2901,欣欣,2017Q3,貿易百貨,25.8975,32.63957499999999,6.742074999999986,26.03
6189,豐藝,2017Q3,電子通路業,28.7,36.13818333333334,7.438183333333338,25.92
5243,乙盛-KY,2018Q3,光電業,33.88,42.611233333333324,8.731233333333321,25.77
3022,威強電,2019Q4,電腦及週邊設備業,43.23,54.29559166666668,11.065591666666684,25.6
8488,吉源-KY,2018Q3,其他,15.86,19.920224999999988,4.060224999999988,25.6
2493,揚博,2019Q1,電子零組件業,28.0,35.165808333333324,7.165808333333324,25.59
2723,美食-KY,2018Q4,觀光餐旅,146.28,183.59229166666654,37.31229166666654,25.51
6243,迅杰,2018Q2,半導體業,11.42,14.324933333333336,2.904933333333336,25.44
3321,同泰,2017Q3,電子零組件業,16.27,20.32884166666666,4.058841666666659,24.95
3617,碩天,2016Q3,,97.365,121.36233333333327,23.997333333333273,24.65
2390,云辰,2016Q4,,12.79,15.923633333333326,3.133633333333327,24.5
2492,華新科,2017Q4,電子零組件業,107.12,133.22508333333334,26.10508333333334,24.37
1473,台南,2017Q3,紡織纖維,21.18,26.340233333333316,5.160233333333316,24.36
2464,盟立,2019Q2,其他電子業,39.26,48.78935833333333,9.529358333333334,24.27
6230,尼得科超眾,2016Q3,,133.86,166.30568333333343,32.44568333333342,24.24
2428,興勤,2018Q3,電子零組件業,79.48,98.74432499999999,19.264324999999985,24.24
4137,麗豐-KY,2016Q3,,138.82,172.42391666666666,33.60391666666666,24.21
2536,宏普,2018Q2,建材營造,20.133333333333333,24.97202500000001,4.838691666666676,24.03
1720,生達,2016Q3,,34.12,42.30889166666666,8.188891666666663,24.0
3003,健和興,2017Q3,電子零組件業,67.32,83.47067500000001,16.15067500000002,23.99
1540,喬福,2016Q2,,15.24,18.840866666666674,3.6008666666666738,23.63
2013,中鋼構,2019Q2,鋼鐵工業,19.94,24.60857499999999,4.66857499999999,23.41
6641,基士德-KY,2019Q3,綠能環保,64.295,79.29357500000003,14.99857500000003,23.33
8131,福懋科,2017Q2,半導體業,27.72,34.18285833333332,6.4628583333333225,23.31
3596,智易,2018Q3,通信網路業,65.15,80.2870666666666,15.137066666666598,23.23
1506,正道,2017Q2,電機機械,22.32,27.4821,5.162099999999999,23.13
1325,恆大,2017Q2,塑膠工業,18.1,22.264800000000015,4.164800000000014,23.01
6288,聯嘉,2018Q3,汽車工業,18.37,22.58625,4.216249999999999,22.95
1213,大飲,2018Q2,食品工業,11.07,13.598983333333331,2.528983333333331,22.85
1453,大將,2017Q4,建材營造,9.62,11.817624999999998,2.1976249999999986,22.84
6165,浪凡,2018Q3,數位雲端,7.99,9.80754166666667,1.8175416666666706,22.75
3006,晶豪科,2016Q4,,33.33,40.87804999999997,7.548049999999975,22.65
3010,華立,2017Q2,電子通路業,50.67,62.133908333333274,11.463908333333272,22.62
1104,環泥,2018Q3,水泥工業,19.69,24.12208333333333,4.432083333333328,22.51
2467,志聖,2019Q2,電子零組件業,27.9525,34.22961666666666,6.277116666666657,22.46
1324,地球,2018Q1,塑膠工業,12.73,15.579249999999996,2.849249999999996,22.38
3645,達邁,2017Q1,電子零組件業,44.48,54.40464999999998,9.924649999999986,22.31
2433,互盛電,2017Q2,其他電子業,42.69,52.18910000000002,9.49910000000002,22.25
4930,燦星網,2017Q2,電器電纜,12.54,15.31310833333333,2.7731083333333313,22.11
1210,大成,2018Q2,食品工業,36.6325,44.63439166666666,8.001891666666658,21.84
4104,佳醫,2019Q3,生技醫療業,52.34,63.647216666666694,11.30721666666669,21.6
4904,遠傳,2018Q3,通信網路業,74.19,90.05453333333331,15.864533333333313,21.38
2375,凱美,2017Q4,電子零組件業,38.88,47.17064999999998,8.290649999999978,21.32
6451,訊芯-KY,2016Q3,,112.565,136.4344666666667,23.86946666666671,21.21
1473,台南,2017Q1,紡織纖維,23.58,28.572300000000006,4.992300000000007,21.17
2615,萬海,2017Q3,航運業,18.59,22.52214999999999,3.9321499999999894,21.15
2459,敦吉,2018Q2,其他電子業,39.04,47.23819166666668,8.19819166666668,21.0
2030,彰源,2019Q1,鋼鐵工業,12.15,14.699075,2.549075,20.98
4562,穎漢,2018Q2,電機機械,34.9,42.19895833333333,7.298958333333331,20.91
3041,揚智,2017Q4,半導體業,12.33,14.89004166666667,2.5600416666666703,20.76
2227,裕日車,2019Q4,汽車工業,253.09,305.58150000000006,52.49150000000006,20.74
2609,陽明,2017Q2,航運業,12.65,15.268441666666666,2.6184416666666657,20.7
2331,精英,2018Q3,電腦及週邊設備業,11.76,14.177175,2.4171750000000003,20.55
2597,潤弘,2017Q4,建材營造,36.98,44.579049999999995,7.599049999999998,20.55
1708,東鹼,2017Q1,化學工業,29.74,35.83937500000005,6.099375000000048,20.51
6666,羅麗芬-KY,2018Q4,生技醫療業,184.57,222.29133333333328,37.72133333333329,20.44
6120,達運,2018Q3,光電業,19.26,23.16767500000001,3.9076750000000082,20.29
1236,宏亞,2019Q2,食品工業,12.25,14.736066666666668,2.4860666666666678,20.29
1737,臺鹽,2016Q3,,30.4,36.53677500000001,6.136775000000014,20.19
9906,欣巴巴,2019Q3,建材營造,16.77,20.131725000000007,3.361725000000007,20.05
2417,圓剛,2018Q1,電腦及週邊設備業,10.6,12.725291666666669,2.1252916666666692,20.05
2608,嘉里大榮,2018Q3,航運業,36.12,43.349999999999966,7.2299999999999685,20.02
9908,大台北,2019Q3,油電燃氣業,30.02,36.004208333333324,5.984208333333324,19.93
2369,菱生,2020Q1,半導體業,9.33,11.186808333333335,1.8568083333333352,19.9
2349,錸德,2018Q3,光電業,9.16,10.981641666666665,1.8216416666666646,19.89
3149,正達,2019Q1,光電業,10.33,12.37356666666667,2.0435666666666705,19.78
6136,富爾特,2018Q1,通信網路業,18.695,22.384916666666676,3.689916666666676,19.74
2313,華通,2017Q3,電子零組件業,34.58,41.398099999999985,6.818099999999987,19.72
1452,宏益,2018Q2,紡織纖維,20.04,23.988816666666658,3.9488166666666586,19.7
8150,南茂,2016Q3,,29.115,34.824916666666645,5.709916666666647,19.61
1789,神隆,2018Q3,生技醫療業,24.79,29.64257500000001,4.852575000000012,19.57
1905,華紙,2017Q1,造紙工業,11.265,13.440925000000007,2.1759250000000065,19.32
1618,合機,2017Q3,電器電纜,9.53,11.368958333333339,1.8389583333333395,19.3
2405,輔信,2018Q3,電腦及週邊設備業,11.97,14.214141666666665,2.244141666666664,18.75
3528,安馳,2019Q3,電子通路業,37.02666666666667,43.963983333333296,6.937316666666625,18.74
1477,聚陽,2016Q4,,137.76,163.16689166666654,25.406891666666553,18.44
2312,金寶,2017Q1,其他電子業,11.065,13.086775000000005,2.021775000000005,18.27
1203,味王,2019Q1,食品工業,26.09,30.84698333333334,4.756983333333341,18.23
2373,震旦行,2017Q2,其他電子業,60.89,71.92387499999997,11.033874999999966,18.12
2101,南港,2017Q3,橡膠工業,26.58,31.36966666666667,4.7896666666666725,18.02
9955,佳龍,2018Q1,綠能環保,13.3025,15.634983333333345,2.332483333333345,17.53
5234,達興材料,2017Q1,光電業,41.48,48.66366666666666,7.18366666666666,17.32
2340,台亞,2018Q2,半導體業,23.4375,27.41450000000001,3.977000000000011,16.97
3419,譁裕,2018Q2,通信網路業,17.71,20.685666666666663,2.975666666666662,16.8
1503,士電,2019Q2,電機機械,42.745000000000005,49.86523333333331,7.120233333333303,16.66
2489,瑞軒,2018Q1,光電業,12.47,14.545724999999994,2.075724999999993,16.65
8210,勤誠,2016Q3,,56.495000000000005,65.83585833333335,9.340858333333344,16.53
1465,偉全,2017Q3,紡織纖維,15.6525,18.237641666666672,2.5851416666666722,16.52
3029,零壹,2019Q1,資訊服務業,24.44,28.467149999999982,4.027149999999981,16.48
8011,台通,2018Q3,通信網路業,16.55,19.273575,2.7235750000000003,16.46
3130,一零四,2019Q3,數位雲端,140.7,163.64851666666667,22.948516666666677,16.31
2484,希華,2018Q1,電子零組件業,19.85,23.072799999999994,3.2227999999999923,16.24
2501,國建,2019Q1,建材營造,22.24,25.84042500000001,3.600425000000012,16.19
1326,台化,2016Q4,,93.34333333333332,108.45544999999991,15.112116666666594,16.19
2441,超豐,2017Q2,半導體業,48.36,56.06372499999997,7.70372499999997,15.93
1737,臺鹽,2016Q2,,30.57,35.43847500000001,4.868475000000011,15.93
4555,氣立,2018Q4,電機機械,52.84,61.23895000000005,8.398950000000049,15.9
2342,茂矽,2020Q1,半導體業,26.41,30.58210833333333,4.17210833333333,15.8
3712,永崴投控,2019Q2,電腦及週邊設備業,11.96,13.824099999999996,1.8640999999999952,15.59
2404,漢唐,2017Q2,其他電子業,70.56,81.51056666666663,10.950566666666631,15.52
3060,銘異,2018Q4,電腦及週邊設備業,14.02,16.190725,2.170725000000001,15.48
2312,金寶,2019Q1,其他電子業,11.11,12.825383333333338,1.7153833333333388,15.44
2356,英業達,2017Q3,電腦及週邊設備業,23.6125,27.248933333333344,3.6364333333333434,15.4
3296,勝德,2017Q3,電子零組件業,17.0775,19.683941666666662,2.6064416666666617,15.26
4746,台耀,2017Q2,生技醫療業,59.34,68.38747500000001,9.047475000000006,15.25
3026,禾伸堂,2017Q2,電子零組件業,41.010000000000005,47.24366666666667,6.2336666666666645,15.2
6579,研揚,2019Q3,電腦及週邊設備業,69.44666666666667,79.93424166666667,10.487574999999993,15.1
6243,迅杰,2016Q2,,15.04,17.246675000000007,2.2066750000000077,14.67
9955,佳龍,2016Q3,,15.37,17.611283333333333,2.2412833333333335,14.58
9929,秋雨,2019Q2,其他,12.34,14.114041666666665,1.7740416666666654,14.38
1218,泰山,2016Q4,,16.025,18.271416666666667,2.2464166666666685,14.02
2505,國揚,2018Q1,建材營造,13.28,15.121599999999992,1.8415999999999926,13.87
2353,宏碁,2018Q3,電腦及週邊設備業,19.28,21.93788333333333,2.657883333333327,13.79
4906,正文,2017Q1,通信網路業,27.38,31.082150000000027,3.702150000000028,13.52
6206,飛捷,2017Q3,電腦及週邊設備業,79.53,90.16119999999994,10.631199999999936,13.37
8996,高力,2018Q2,電機機械,48.19,54.58357499999999,6.393574999999991,13.27
2633,台灣高鐵,2017Q3,航運業,23.61,26.660999999999998,3.0509999999999984,12.92
2727,王品,2019Q2,觀光餐旅,75.39,84.99899166666665,9.608991666666654,12.75
2606,裕民,2019Q3,航運業,29.865,33.63205833333332,3.7670583333333205,12.61
2419,仲琦,2018Q3,通信網路業,20.933333333333334,23.568416666666675,2.635083333333341,12.59
2313,華通,2017Q1,電子零組件業,21.78,24.503975000000004,2.723975000000003,12.51
2385,群光,2017Q2,電子零組件業,75.3025,84.71633333333334,9.413833333333343,12.5
6505,台塑化,2018Q3,油電燃氣業,118.6275,133.27274999999992,14.645249999999919,12.35
3305,昇貿,2017Q3,其他電子業,23.3,26.16735833333332,2.8673583333333177,12.31
4536,拓凱,2017Q4,運動休閒,90.45,101.15244166666668,10.702441666666672,11.83
2362,藍天,2018Q2,電腦及週邊設備業,31.3975,35.10719999999998,3.7096999999999767,11.82
3711,日月光投控,2019Q4,半導體業,71.39,79.74338333333336,8.353383333333355,11.7
4919,新唐,2017Q3,半導體業,59.01,65.81939999999997,6.809399999999975,11.54
6698,旭暉應材,2019Q4,其他電子業,69.435,77.12021666666666,7.685216666666662,11.07
6582,申豐,2017Q3,橡膠工業,52.96,58.81018333333334,5.850183333333341,11.05
3094,聯傑,2016Q3,,22.98,25.480225000000004,2.500225000000004,10.88
3167,大量,2018Q1,電機機械,48.155,53.25469999999998,5.099699999999977,10.59
1525,江申,2016Q4,,105.32,116.43856666666669,11.118566666666695,10.56
3432,台端,2019Q1,電子零組件業,13.685,15.113866666666663,1.4288666666666625,10.44
2369,菱生,2019Q4,半導體業,10.29,11.347524999999997,1.0575249999999983,10.28
2338,光罩,2019Q3,半導體業,31.49,34.67957500000002,3.1895750000000227,10.13
9908,大台北,2019Q4,油電燃氣業,31.25,34.39652500000002,3.1465250000000182,10.07
4906,正文,2018Q3,通信網路業,24.985,27.49126666666667,2.506266666666672,10.03
3055,蔚華科,2017Q3,電子通路業,21.19,23.310624999999995,2.1206249999999933,10.01
1521,大億,2016Q3,,80.79,88.5721166666667,7.782116666666695,9.63
8039,台虹,2019Q2,電子零組件業,40.62,44.50491666666667,3.884916666666669,9.56
1301,台塑,2017Q4,塑膠工業,94.85,103.82010000000008,8.970100000000087,9.46
1472,三洋實業,2019Q1,建材營造,30.49,33.33487499999999,2.844874999999991,9.33
2331,精英,2018Q1,電腦及週邊設備業,12.89,14.084816666666676,1.194816666666675,9.27
3380,明泰,2017Q1,通信網路業,23.38,25.494299999999996,2.1142999999999965,9.04
2115,六暉-KY,2016Q3,,59.535,64.90820000000001,5.373200000000011,9.03
1442,名軒,2019Q4,建材營造,19.05,20.66357499999999,1.6135749999999902,8.47
2383,台光電,2019Q3,電子零組件業,124.18333333333334,134.60192500000002,10.418591666666686,8.39
9927,泰銘,2018Q4,其他,31.21,33.783658333333335,2.5736583333333343,8.25
3686,達能,2016Q2,,7.46,8.070141666666666,0.6101416666666664,8.18
8222,寶一,2017Q2,電機機械,18.81,20.330266666666677,1.5202666666666786,8.08
2540,愛山林,2016Q2,,25.26,27.189641666666663,1.9296416666666616,7.64
3231,緯創,2017Q2,電腦及週邊設備業,26.31,28.168249999999997,1.8582499999999982,7.06
1582,信錦,2017Q3,電子零組件業,65.9125,70.46306666666668,4.550566666666683,6.9
6115,鎰勝,2018Q3,電子零組件業,43.32,46.259741666666656,2.939741666666656,6.79
6136,富爾特,2018Q3,通信網路業,20.87,22.26669166666667,1.396691666666669,6.69
1535,中宇,2019Q4,電機機械,31.985,34.02335833333333,2.0383583333333277,6.37
6257,矽格,2017Q2,半導體業,27.28,28.94087500000001,1.6608750000000079,6.09
1307,三芳,2019Q1,塑膠工業,23.72,25.15240000000002,1.4324000000000225,6.04
3419,譁裕,2018Q1,通信網路業,18.46,19.563583333333323,1.1035833333333223,5.98
4557,永新-KY,2017Q2,汽車工業,77.95,82.38269166666663,4.432691666666628,5.69
2401,凌陽,2016Q2,,12.42,13.12195833333333,0.7019583333333301,5.65
9933,中鼎,2019Q2,其他,30.49,32.160524999999986,1.6705249999999872,5.48
2204,中華,2017Q1,汽車工業,27.5225,29.022491666666653,1.4999916666666522,5.45
2910,統領,2017Q1,貿易百貨,27.83,29.32195833333333,1.4919583333333328,5.36
9902,台火,2017Q1,其他,10.525,11.08659166666667,0.5615916666666703,5.34
2481,強茂,2017Q4,半導體業,29.64,31.153766666666655,1.5137666666666547,5.11
9935,慶豐富,2019Q4,居家生活,34.845,36.61376666666667,1.7687666666666715,5.08
5285,界霖,2016Q4,,37.41,39.298716666666635,1.8887166666666388,5.05
2114,鑫永銓,2018Q4,橡膠工業,83.51,87.52795833333336,4.017958333333354,4.81
2316,楠梓電,2017Q4,電子零組件業,17.44,18.25870833333333,0.8187083333333298,4.69
3591,艾笛森,2018Q2,光電業,15.765,16.432433333333332,0.6674333333333315,4.23
8996,高力,2016Q2,,54.36,56.529108333333305,2.1691083333333054,3.99
2015,豐興,2017Q2,鋼鐵工業,51.59,53.51309166666663,1.923091666666629,3.73
6196,帆宣,2017Q1,其他電子業,36.27,37.53472500000002,1.2647250000000199,3.49
2481,強茂,2018Q2,半導體業,38.1125,39.385874999999984,1.2733749999999873,3.34
3622,洋華,2019Q3,光電業,19.49,20.121066666666664,0.6310666666666656,3.24
1315,達新,2018Q3,塑膠工業,26.465,27.30833333333333,0.8433333333333302,3.19
1558,伸興,2017Q2,電機機械,129.37,133.1862666666666,3.8162666666665928,2.95
3653,健策,2018Q3,電子零組件業,81.16,83.32923333333336,2.1692333333333664,2.67
8462,柏文,2019Q3,運動休閒,190.36,195.15215000000012,4.792150000000106,2.52
3004,豐達科,2018Q1,鋼鐵工業,52.43,53.72506666666667,1.2950666666666706,2.47
5471,松翰,2017Q4,半導體業,34.3925,35.18896666666668,0.7964666666666815,2.32
3054,立萬利,2016Q4,,20.506666666666664,20.955808333333334,0.44914166666666944,2.19
2201,裕隆,2017Q1,汽車工業,24.58,25.07759999999999,0.4975999999999914,2.02
8016,矽創,2019Q3,半導體業,168.69,172.07742499999998,3.387424999999979,2.01
3042,晶技,2017Q1,電子零組件業,39.79,40.517775,0.7277750000000012,1.83
2923,鼎固-KY,2018Q3,建材營造,19.94666666666667,20.30465833333333,0.3579916666666598,1.79
1582,信錦,2017Q2,電子零組件業,70.17,71.16961666666666,0.9996166666666539,1.42
3044,健鼎,2019Q3,電子零組件業,115.65,117.2230833333333,1.573083333333301,1.36
9911,櫻花,2020Q1,居家生活,41.77,42.215775000000015,0.4457750000000118,1.07
2707,晶華,2016Q4,,154.25,155.8196833333334,1.569683333333387,1.02
1313,聯成,2018Q1,塑膠工業,18.67,18.839783333333333,0.1697833333333314,0.91
1434,福懋,2019Q2,紡織纖維,34.4725,34.760124999999995,0.28762499999999847,0.83
5471,松翰,2018Q1,半導體業,29.37,29.581125,0.21112499999999912,0.72
1713,國化,2018Q1,化學工業,18.63,18.758791666666664,0.12879166666666464,0.69
5706,鳳凰,2018Q2,觀光餐旅,36.025,36.264074999999984,0.2390749999999855,0.66
4739,康普,2018Q3,化學工業,75.72,76.17880000000001,0.45880000000001075,0.61
2634,漢翔,2017Q2,航運業,33.96,34.14982499999998,0.1898249999999777,0.56
5388,中磊,2019Q3,通信網路業,73.42666666666666,73.73096666666666,0.3042999999999978,0.41
5706,鳳凰,2020Q1,觀光餐旅,28.01,28.106975000000002,0.09697500000000048,0.35
6281,全國電,2018Q2,電子通路業,64.66499999999999,64.81864166666666,0.15364166666667245,0.24
1702,南僑,2018Q2,食品工業,54.06,54.120783333333286,0.06078333333328345,0.11
2908,特力,2019Q1,貿易百貨,20.72,20.678250000000013,-0.04174999999998619,-0.2
3023,信邦,2019Q3,電子零組件業,125.565,124.82300833333333,-0.7419916666666637,-0.59
1603,華電,2018Q3,電器電纜,21.63,21.503424999999996,-0.12657500000000255,-0.59
2706,第一店,2016Q2,,17.33,17.08201666666668,-0.24798333333331968,-1.43
4164,承業醫,2017Q3,生技醫療業,34.43,33.90711666666668,-0.5228833333333185,-1.52
2528,皇普,2017Q3,建材營造,19.9675,19.663866666666664,-0.3036333333333374,-1.52
1303,南亞,2019Q2,塑膠工業,64.725,63.69796666666666,-1.0270333333333355,-1.59
4414,如興,2018Q2,紡織纖維,14.87,14.604699999999987,-0.2653000000000123,-1.78
8996,高力,2019Q1,電機機械,41.71,40.938391666666675,-0.7716083333333259,-1.85
6605,帝寶,2018Q1,汽車工業,69.08,67.66304166666667,-1.4169583333333264,-2.05
2208,台船,2016Q2,,14.89,14.577641666666667,-0.31235833333333396,-2.1
8261,富鼎,2017Q4,半導體業,29.855,29.210550000000016,-0.6444499999999849,-2.16
3062,建漢,2017Q2,通信網路業,19.25,18.833241666666666,-0.416758333333334,-2.16
9937,全國,2017Q2,油電燃氣業,39.056666666666665,38.17958333333333,-0.8770833333333314,-2.25
2493,揚博,2017Q1,電子零組件業,27.2125,26.596866666666664,-0.615633333333335,-2.26
5471,松翰,2017Q2,半導體業,33.31,32.55185,-0.7581500000000005,-2.28
8213,志超,2018Q1,電子零組件業,28.65,27.990391666666667,-0.6596083333333311,-2.3
6213,聯茂,2019Q3,電子零組件業,140.04333333333332,136.7716916666667,-3.271641666666625,-2.34
6235,華孚,2018Q1,電腦及週邊設備業,18.04,17.58908333333334,-0.45091666666666086,-2.5
8488,吉源-KY,2018Q1,其他,17.05,16.58730833333333,-0.4626916666666716,-2.71
1560,中砂,2018Q2,電機機械,60.88,59.210449999999994,-1.669550000000008,-2.74
4766,南寶,2018Q4,化學工業,115.2,111.72385833333333,-3.4761416666666776,-3.02
8249,菱光,2018Q2,電子零組件業,21.85,21.178408333333326,-0.671591666666675,-3.07
3622,洋華,2018Q2,光電業,16.93,16.39397500000001,-0.536024999999988,-3.17
1227,佳格,2019Q3,食品工業,63.73,61.65217500000001,-2.07782499999999,-3.26
6235,華孚,2017Q1,電腦及週邊設備業,20.1,19.415700000000008,-0.6842999999999932,-3.4
3533,嘉澤,2017Q2,電子零組件業,133.71,129.04281666666668,-4.667183333333327,-3.49
1305,華夏,2017Q2,塑膠工業,28.39,27.397466666666656,-0.9925333333333448,-3.5
2748,雲品,2018Q3,觀光餐旅,63.08,60.864450000000005,-2.2155499999999932,-3.51
1535,中宇,2017Q1,電機機械,40.785,39.33720000000001,-1.4477999999999867,-3.55
1236,宏亞,2017Q2,食品工業,17.85,17.208899999999996,-0.6411000000000051,-3.59
6202,盛群,2017Q4,半導體業,72.26,69.6446083333333,-2.61539166666671,-3.62
2369,菱生,2019Q1,半導體業,9.42,9.076575000000002,-0.3434249999999981,-3.65
3060,銘異,2018Q2,電腦及週邊設備業,16.91,16.26469166666666,-0.6453083333333396,-3.82
6582,申豐,2019Q1,橡膠工業,53.415,51.09239166666667,-2.322608333333328,-4.35
1104,環泥,2018Q1,水泥工業,18.96,18.13384166666667,-0.826158333333332,-4.36
9918,欣天然,2019Q4,油電燃氣業,33.09,31.643750000000008,-1.4462499999999956,-4.37
6405,悅城,2018Q1,光電業,14.72,14.072299999999998,-0.6477000000000022,-4.4
4426,利勤,2018Q1,紡織纖維,44.09,42.139250000000004,-1.9507499999999993,-4.42
2236,百達-KY,2016Q3,,54.41,51.974549999999965,-2.4354500000000314,-4.48
1319,東陽,2018Q2,汽車工業,40.39,38.57406666666668,-1.8159333333333194,-4.5
3034,聯詠,2018Q3,半導體業,145.615,138.98563333333325,-6.629366666666755,-4.55
6206,飛捷,2017Q2,電腦及週邊設備業,81.66,77.89539166666664,-3.7646083333333564,-4.61
2722,夏都,2019Q1,觀光餐旅,24.69,23.509833333333336,-1.1801666666666648,-4.78
1582,信錦,2019Q2,電子零組件業,79.625,75.71460833333333,-3.910391666666669,-4.91
1519,華城,2019Q3,電機機械,25.0,23.74910833333333,-1.2508916666666714,-5.0
1734,杏輝,2019Q1,生技醫療業,19.35,18.332608333333347,-1.0173916666666543,-5.26
9905,大華,2019Q1,其他,24.26,22.970275000000004,-1.2897249999999971,-5.32
9918,欣天然,2018Q2,油電燃氣業,33.455,31.65354166666667,-1.8014583333333292,-5.38
3356,奇偶,2019Q1,光電業,32.8875,31.117200000000008,-1.7702999999999953,-5.38
3032,偉訓,2017Q2,電子零組件業,36.225,34.22118333333334,-2.0038166666666584,-5.53
9937,全國,2019Q2,油電燃氣業,41.88,39.342141666666656,-2.5378583333333466,-6.06
9924,福興,2018Q1,居家生活,34.63,32.5300416666667,-2.099958333333305,-6.06
2910,統領,2020Q1,貿易百貨,27.72,25.991474999999987,-1.7285250000000119,-6.24
3017,奇鋐,2019Q2,電腦及週邊設備業,37.03,34.670475,-2.359524999999998,-6.37
1533,車王電,2018Q1,汽車工業,37.69,35.28393333333334,-2.4060666666666606,-6.38
3035,智原,2016Q2,,37.37,34.969583333333325,-2.400416666666672,-6.42
2608,嘉里大榮,2017Q2,航運業,38.1,35.61557499999999,-2.4844250000000088,-6.52
1339,昭輝,2020Q1,汽車工業,38.4,35.85919999999999,-2.5408000000000115,-6.62
3006,晶豪科,2018Q1,半導體業,31.58,29.453449999999997,-2.1265500000000017,-6.73
3019,亞光,2017Q4,光電業,71.75,66.79538333333328,-4.954616666666723,-6.91
2387,精元,2018Q3,電腦及週邊設備業,18.25333333333333,16.97450000000001,-1.2788333333333206,-7.01
6672,騰輝電子-KY,2019Q3,電子零組件業,88.76333333333334,82.47069166666668,-6.292641666666654,-7.09
3622,洋華,2017Q3,光電業,16.84,15.61872500000001,-1.2212749999999897,-7.25
2617,台航,2016Q2,,13.79,12.7817,-1.0082999999999984,-7.31
4919,新唐,2018Q2,半導體業,51.3,47.50544999999999,-3.794550000000008,-7.4
3149,正達,2016Q4,,20.775,19.230500000000006,-1.5444999999999922,-7.43
2424,隴華,2017Q4,通信網路業,31.86,29.428850000000008,-2.4311499999999917,-7.63
6409,旭隼,2017Q4,其他電子業,519.22,479.2464000000002,-39.973599999999806,-7.7
1323,永裕,2019Q1,塑膠工業,33.77,31.13420833333333,-2.635791666666673,-7.81
3045,台灣大,2017Q3,通信網路業,110.4,101.70522499999996,-8.69477500000005,-7.88
2337,旺宏,2019Q3,半導體業,31.24,28.73600833333333,-2.5039916666666677,-8.02
2101,南港,2019Q3,橡膠工業,42.11,38.69825833333332,-3.4117416666666784,-8.1
4956,光鋐,2016Q4,,22.53,20.69581666666667,-1.834183333333332,-8.14
4555,氣立,2017Q3,電機機械,61.29,56.23851666666663,-5.051483333333373,-8.24
1537,廣隆,2017Q2,電機機械,147.16333333333333,134.58139166666666,-12.581941666666665,-8.55
2539,櫻花建,2018Q3,建材營造,28.59,26.102199999999993,-2.487800000000007,-8.7
2633,台灣高鐵,2017Q2,航運業,24.31,22.089591666666657,-2.220408333333342,-9.13
6206,飛捷,2016Q4,,90.34,81.94844166666672,-8.391558333333279,-9.29
4545,銘鈺,2018Q4,電子零組件業,22.2,20.128816666666673,-2.0711833333333267,-9.33
8926,台汽電,2016Q2,,22.81,20.65379166666668,-2.1562083333333177,-9.45
2731,雄獅,2018Q2,觀光餐旅,89.49,80.96625833333329,-8.523741666666709,-9.52
2527,宏璟,2017Q1,建材營造,20.456666666666667,18.50186666666665,-1.9548000000000165,-9.56
2474,可成,2017Q3,其他電子業,338.445,305.91842500000007,-32.52657499999992,-9.61
2013,中鋼構,2018Q1,鋼鐵工業,24.05,21.73229166666667,-2.317708333333332,-9.64
4532,瑞智,2017Q1,電機機械,28.62,25.857,-2.7630000000000017,-9.65
5608,四維航,2016Q2,,10.97,9.900916666666667,-1.0690833333333334,-9.75
2105,正新,2018Q4,橡膠工業,44.52,40.16530000000003,-4.354699999999973,-9.78
9908,大台北,2017Q1,油電燃氣業,24.53,22.122441666666674,-2.407558333333327,-9.81
1436,華友聯,2019Q1,建材營造,38.7875,34.97987499999999,-3.8076250000000087,-9.82
2478,大毅,2018Q2,電子零組件業,78.72,70.66800833333328,-8.051991666666723,-10.23
1227,佳格,2018Q2,食品工業,52.13,46.777291666666635,-5.352708333333368,-10.27
4551,智伸科,2016Q4,,141.625,127.03860833333334,-14.586391666666657,-10.3
3617,碩天,2019Q2,其他電子業,93.035,83.42008333333331,-9.614916666666687,-10.33
9938,百和,2017Q3,其他,102.0575,91.31238333333336,-10.745116666666647,-10.53
8482,商億-KY,2019Q3,居家生活,135.64499999999998,121.18411666666668,-14.4608833333333,-10.66
3588,通嘉,2019Q2,半導體業,23.985,21.37544166666666,-2.6095583333333394,-10.88
8011,台通,2019Q2,通信網路業,15.4,13.721166666666662,-1.6788333333333387,-10.9
2069,運錩,2017Q3,鋼鐵工業,24.81,22.102358333333342,-2.7076416666666567,-10.91
1215,卜蜂,2017Q2,食品工業,71.63,63.754516666666674,-7.875483333333321,-10.99
9933,中鼎,2018Q3,其他,45.93,40.81674166666668,-5.11325833333332,-11.13
3045,台灣大,2017Q2,通信網路業,106.97666666666667,95.05259166666663,-11.924075000000045,-11.15
1256,鮮活果汁-KY,2018Q2,食品工業,163.735,145.34549999999996,-18.389500000000055,-11.23
3380,明泰,2019Q3,通信網路業,21.7,19.188266666666674,-2.511733333333325,-11.57
6706,惠特,2019Q4,光電業,103.34,91.3435583333334,-11.996441666666598,-11.61
9908,大台北,2017Q2,油電燃氣業,25.3,22.300191666666674,-2.999808333333327,-11.86
2027,大成鋼,2019Q1,鋼鐵工業,30.98,27.303975000000005,-3.6760249999999957,-11.87
1303,南亞,2018Q1,塑膠工業,80.84,71.15441666666673,-9.68558333333327,-11.98
6281,全國電,2017Q2,電子通路業,62.975,55.25070000000001,-7.724299999999992,-12.27
6139,亞翔,2017Q1,其他電子業,35.36,30.982733333333314,-4.377266666666685,-12.38
3311,閎暉,2017Q3,通信網路業,18.5925,16.25005833333332,-2.34244166666668,-12.6
2351,順德,2017Q3,半導體業,74.46,64.70745833333335,-9.752541666666644,-13.1
1737,臺鹽,2017Q1,食品工業,28.105,24.41759999999999,-3.687400000000011,-13.12
4934,太極,2017Q1,光電業,12.88,11.162950000000002,-1.7170499999999986,-13.33
6285,啟碁,2016Q3,,87.98500000000001,76.244825,-11.740175000000008,-13.34
2227,裕日車,2018Q2,汽車工業,248.91,215.67790833333336,-33.23209166666663,-13.35
1451,年興,2017Q1,紡織纖維,25.276666666666667,21.882625000000004,-3.394041666666663,-13.43
5215,科嘉-KY,2017Q2,電腦及週邊設備業,28.2075,24.334675,-3.872824999999999,-13.73
3454,晶睿,2018Q4,光電業,98.33,84.77770000000001,-13.552299999999988,-13.78
1587,吉茂,2018Q2,汽車工業,19.22,16.546274999999994,-2.6737250000000046,-13.91
9906,欣巴巴,2019Q4,建材營造,18.65,16.046116666666663,-2.6038833333333358,-13.96
2102,泰豐,2019Q2,橡膠工業,12.255,10.54338333333333,-1.7116166666666714,-13.97
2360,致茂,2017Q4,其他電子業,164.75333333333333,141.66700833333334,-23.086324999999988,-14.01
1464,得力,2016Q2,,27.87,23.879350000000002,-3.9906499999999987,-14.32
8222,寶一,2017Q1,電機機械,21.425,18.318025000000006,-3.106974999999995,-14.5
3679,新至陞,2018Q3,電子零組件業,47.99,40.98893333333335,-7.001066666666652,-14.59
4722,國精化,2017Q1,化學工業,33.114999999999995,28.20760833333333,-4.9073916666666655,-14.82
2451,創見,2019Q4,半導體業,76.37,64.97925833333335,-11.390741666666656,-14.92
2436,偉詮電,2018Q1,半導體業,24.89,21.119008333333344,-3.7709916666666565,-15.15
6189,豐藝,2017Q1,電子通路業,28.09,23.834841666666666,-4.255158333333334,-15.15
3025,星通,2018Q2,通信網路業,24.91,21.078999999999986,-3.8310000000000137,-15.38
4938,和碩,2017Q2,電腦及週邊設備業,95.37,80.68437500000003,-14.685624999999973,-15.4
1762,中化生,2017Q1,生技醫療業,25.87,21.830166666666663,-4.039833333333338,-15.62
2371,大同,2019Q2,電機機械,20.14,16.98279166666666,-3.1572083333333403,-15.68
3419,譁裕,2017Q2,通信網路業,20.465,17.247241666666667,-3.2177583333333324,-15.72
6196,帆宣,2018Q1,其他電子業,45.58,38.397725000000015,-7.182274999999983,-15.76
9924,福興,2017Q1,居家生活,38.185,32.144749999999995,-6.0402500000000074,-15.82
2102,泰豐,2018Q1,橡膠工業,11.14,9.348358333333339,-1.7916416666666617,-16.08
2642,宅配通,2016Q3,,24.9,20.86791666666666,-4.03208333333334,-16.19
9942,茂順,2018Q2,其他,71.94,60.28690000000002,-11.65309999999998,-16.2
2605,新興,2019Q3,航運業,13.95,11.682758333333341,-2.267241666666658,-16.25
9917,中保科,2019Q3,其他,87.78,73.21082500000003,-14.569174999999973,-16.6
4426,利勤,2019Q1,紡織纖維,55.03,45.79531666666665,-9.23468333333335,-16.78
2707,晶華,2016Q3,,160.21,133.3041499999999,-26.9058500000001,-16.79
8046,南電,2016Q3,,25.16,20.90099166666667,-4.25900833333333,-16.93
8463,潤泰材,2018Q4,其他,32.09,26.646049999999995,-5.443950000000008,-16.96
4764,雙鍵,2019Q1,化學工業,67.64,56.08954166666666,-11.550458333333339,-17.08
6192,巨路,2017Q2,其他電子業,58.5875,48.5123,-10.075199999999995,-17.2
2454,聯發科,2017Q4,半導體業,308.47,255.25304999999992,-53.21695000000011,-17.25
8072,陞泰,2017Q1,電子通路業,21.7,17.953808333333342,-3.7461916666666575,-17.26
4104,佳醫,2019Q2,生技醫療業,50.9,42.09969166666668,-8.80030833333332,-17.29
6283,淳安,2019Q2,其他電子業,17.2,14.20784166666666,-2.9921583333333395,-17.4
1231,聯華食,2017Q1,食品工業,33.56,27.673825000000008,-5.886174999999994,-17.54
4438,廣越,2017Q4,紡織纖維,138.55,114.22786666666663,-24.322133333333383,-17.55
3311,閎暉,2018Q2,通信網路業,15.49,12.769891666666672,-2.7201083333333287,-17.56
4999,鑫禾,2017Q1,電子零組件業,49.88,40.99895833333334,-8.881041666666661,-17.8
2419,仲琦,2019Q1,通信網路業,19.35,15.89594166666666,-3.4540583333333412,-17.85
6239,力成,2017Q2,半導體業,92.99,76.32879166666672,-16.661208333333278,-17.92
1783,和康生,2016Q3,,23.075000000000003,18.896633333333344,-4.178366666666658,-18.11
3605,宏致,2016Q2,,26.72,21.86412499999999,-4.855875000000008,-18.17
6213,聯茂,2017Q1,電子零組件業,43.81,35.80065000000001,-8.00934999999999,-18.28
8072,陞泰,2016Q2,,23.6,19.263375000000007,-4.336624999999994,-18.38
3037,欣興,2019Q2,電子零組件業,32.94,26.839299999999994,-6.100700000000003,-18.52
4572,駐龍,2019Q3,電機機械,121.45,98.85489999999996,-22.595100000000045,-18.6
2485,兆赫,2018Q2,通信網路業,21.47,17.43249999999999,-4.0375000000000085,-18.81
2458,義隆,2017Q2,半導體業,43.63,35.197525,-8.432475000000004,-19.33
6176,瑞儀,2017Q2,光電業,67.2,54.05875000000005,-13.14124999999995,-19.56
6451,訊芯-KY,2019Q4,半導體業,121.51,97.70532500000007,-23.804674999999932,-19.59
3189,景碩,2018Q3,半導體業,40.37,32.45324166666667,-7.916758333333327,-19.61
1723,中碳,2018Q3,化學工業,139.27,111.71599999999994,-27.554000000000073,-19.78
4977,眾達-KY,2017Q1,通信網路業,83.51,66.57867499999999,-16.931325000000015,-20.27
3062,建漢,2017Q1,通信網路業,19.6425,15.632699999999994,-4.009800000000004,-20.41
8072,陞泰,2018Q3,電子通路業,21.995,17.453850000000003,-4.541149999999998,-20.65
6136,富爾特,2017Q1,通信網路業,24.63,19.541983333333327,-5.088016666666672,-20.66
3042,晶技,2019Q2,電子零組件業,34.14,27.030491666666684,-7.109508333333316,-20.82
3661,世芯-KY,2018Q3,半導體業,92.19,72.928175,-19.261825,-20.89
3305,昇貿,2017Q1,其他電子業,29.4975,23.231491666666653,-6.266008333333346,-21.24
4919,新唐,2018Q1,半導體業,43.86,34.53873333333334,-9.32126666666666,-21.25
2497,怡利電,2017Q2,汽車工業,29.7175,23.396533333333323,-6.320966666666678,-21.27
9941,裕融,2017Q2,其他,106.37,83.66793333333335,-22.702066666666653,-21.34
8249,菱光,2017Q1,電子零組件業,23.98,18.852883333333338,-5.127116666666662,-21.38
1789,神隆,2016Q2,,44.56,34.95961666666667,-9.600383333333333,-21.54
5258,虹堡,2017Q3,電腦及週邊設備業,20.34,15.863850000000005,-4.476149999999995,-22.01
2731,雄獅,2017Q2,觀光餐旅,100.90666666666668,78.32578333333332,-22.58088333333336,-22.38
6201,亞弘電,2019Q1,其他電子業,33.83,26.177100000000006,-7.652899999999992,-22.62
2527,宏璟,2018Q2,建材營造,27.76,21.45518333333332,-6.304816666666682,-22.71
6206,飛捷,2019Q2,電腦及週邊設備業,71.9325,55.540258333333334,-16.39224166666667,-22.79
9917,中保科,2016Q3,,89.88,69.3689583333334,-20.5110416666666,-22.82
2104,國際中橡,2018Q1,橡膠工業,43.56,33.600791666666645,-9.959208333333358,-22.86
2520,冠德,2018Q1,建材營造,21.3575,16.452441666666665,-4.905058333333336,-22.97
3518,柏騰,2018Q1,其他電子業,16.71,12.861199999999998,-3.8488000000000024,-23.03
2345,智邦,2019Q3,通信網路業,167.01,128.44147499999997,-38.56852500000002,-23.09
2383,台光電,2019Q2,電子零組件業,91.86,70.58786666666659,-21.272133333333414,-23.16
3432,台端,2018Q1,電子零組件業,14.9,11.416016666666668,-3.4839833333333328,-23.38
1786,科妍,2018Q3,生技醫療業,63.64,48.74095833333332,-14.899041666666683,-23.41
3041,揚智,2018Q1,半導體業,12.08,9.208058333333334,-2.8719416666666664,-23.77
1734,杏輝,2017Q1,生技醫療業,21.52,16.372841666666666,-5.1471583333333335,-23.92
4526,東台,2017Q2,電機機械,20.0,15.206816666666668,-4.793183333333332,-23.97
9939,宏全,2020Q1,其他,49.2,37.395725,-11.804275000000004,-23.99
8481,政伸,2019Q2,其他,60.78,46.146341666666665,-14.633658333333337,-24.08
1477,聚陽,2016Q2,,126.87,96.26553333333327,-30.604466666666738,-24.12
6278,台表科,2018Q3,光電業,36.94,27.775424999999995,-9.164575000000003,-24.81
1722,台肥,2018Q3,化學工業,45.27,34.02045833333333,-11.249541666666673,-24.85
3229,晟鈦,2018Q1,電子零組件業,20.2,15.114799999999995,-5.085200000000004,-25.17
2420,新巨,2019Q1,電子零組件業,36.59,27.31939166666666,-9.270608333333342,-25.34
2488,漢平,2019Q1,其他電子業,37.1775,27.733500000000014,-9.443999999999988,-25.4
2530,華建,2019Q1,建材營造,16.99,12.649833333333335,-4.340166666666663,-25.55
2915,潤泰全,2019Q1,貿易百貨,73.86,54.842074999999994,-19.017925000000005,-25.75
6213,聯茂,2019Q2,電子零組件業,100.0,73.93239166666663,-26.067608333333368,-26.07
3014,聯陽,2018Q1,半導體業,34.57666666666666,25.54205833333334,-9.03460833333332,-26.13
2455,全新,2018Q3,通信網路業,76.87,56.772058333333305,-20.0979416666667,-26.15
1326,台化,2018Q1,塑膠工業,107.85,79.3427666666667,-28.50723333333329,-26.43
3338,泰碩,2019Q2,電子零組件業,58.23,42.81277500000001,-15.417224999999988,-26.48
2201,裕隆,2016Q2,,28.29,20.775724999999994,-7.514275000000005,-26.56
2101,南港,2019Q2,橡膠工業,35.0,25.680849999999996,-9.319150000000004,-26.63
4915,致伸,2019Q2,電子零組件業,54.5825,40.03372499999998,-14.54877500000002,-26.65
1338,廣華-KY,2018Q1,汽車工業,76.95,56.423525,-20.526475000000005,-26.68
2382,廣達,2018Q1,電腦及週邊設備業,50.71,37.02532500000001,-13.684674999999991,-26.99
1590,亞德客-KY,2017Q4,電機機械,494.21,360.82721666666674,-133.38278333333324,-26.99
2459,敦吉,2017Q1,其他電子業,40.67666666666667,29.435308333333328,-11.241358333333341,-27.64
4551,智伸科,2018Q3,汽車工業,119.72,86.59281666666669,-33.127183333333306,-27.67
2536,宏普,2017Q2,建材營造,21.54,15.578466666666667,-5.961533333333332,-27.68
2545,皇翔,2019Q4,建材營造,38.59,27.841916666666688,-10.748083333333316,-27.85
2105,正新,2017Q3,橡膠工業,47.53,34.24629999999999,-13.28370000000001,-27.95
8341,日友,2017Q4,綠能環保,228.67,164.47260833333337,-64.19739166666662,-28.07
2497,怡利電,2019Q2,汽車工業,23.84,17.143258333333332,-6.696741666666668,-28.09
6409,旭隼,2019Q3,其他電子業,656.84,471.28832500000004,-185.551675,-28.25
2405,輔信,2017Q4,電腦及週邊設備業,18.095,12.976691666666671,-5.118308333333328,-28.29
4438,廣越,2017Q3,紡織纖維,128.44,91.89105,-36.54894999999999,-28.46
3018,隆銘綠能,2019Q1,其他電子業,23.51,16.78525,-6.72475,-28.6
9930,中聯資源,2017Q2,綠能環保,53.05,37.51471666666668,-15.535283333333318,-29.28
2633,台灣高鐵,2019Q1,航運業,34.73,24.45893333333333,-10.271066666666666,-29.57
2462,良得電,2017Q4,電子零組件業,29.415,20.526591666666665,-8.888408333333334,-30.22
1726,永記,2017Q1,化學工業,82.15,57.091350000000006,-25.05865,-30.5
5283,禾聯碩,2020Q1,電器電纜,91.25,63.40974166666669,-27.84025833333331,-30.51
2412,中華電,2016Q3,,105.88,73.37788333333329,-32.50211666666671,-30.7
1439,雋揚,2018Q3,建材營造,31.45,21.766050000000003,-9.683949999999996,-30.79
1525,江申,2016Q3,,115.325,79.66824166666666,-35.65675833333334,-30.92
2462,良得電,2018Q3,電子零組件業,27.65,19.06826666666667,-8.581733333333329,-31.04
4108,懷特,2016Q3,,28.74,19.74237500000001,-8.997624999999989,-31.31
2608,嘉里大榮,2020Q1,航運業,36.32,24.877375,-11.442625,-31.51
3437,榮創,2018Q3,光電業,14.57,9.96589166666667,-4.604108333333331,-31.6
1789,神隆,2017Q1,生技醫療業,34.77,23.716174999999993,-11.05382500000001,-31.79
2441,超豐,2020Q1,半導體業,40.57,27.51315,-13.05685,-32.18
1472,三洋實業,2018Q1,建材營造,28.53,19.334908333333342,-9.19509166666666,-32.23
3706,神達,2020Q1,電腦及週邊設備業,29.6,20.009908333333325,-9.590091666666677,-32.4
1789,神隆,2020Q1,生技醫療業,30.99,20.940908333333322,-10.049091666666676,-32.43
1446,宏和,2018Q2,紡織纖維,24.81,16.75470833333334,-8.055291666666658,-32.47
3042,晶技,2020Q1,電子零組件業,46.15,31.09166666666668,-15.05833333333332,-32.63
5907,大洋-KY,2016Q3,,23.82,16.03901666666666,-7.780983333333339,-32.67
4989,榮科,2019Q3,電子零組件業,23.05666666666667,15.52129166666667,-7.535374999999998,-32.68
3055,蔚華科,2019Q4,電子通路業,29.1,19.577066666666678,-9.522933333333324,-32.72
3059,華晶科,2017Q2,光電業,24.77,16.617375000000003,-8.152624999999997,-32.91
4414,如興,2016Q2,,20.73,13.906766666666664,-6.823233333333336,-32.91
2444,兆勁,2018Q2,通信網路業,20.96,14.051933333333336,-6.908066666666665,-32.96
9937,全國,2018Q1,油電燃氣業,40.69,27.19964999999999,-13.490350000000007,-33.15
8481,政伸,2019Q1,其他,52.83,35.20825,-17.62175,-33.36
6230,尼得科超眾,2019Q4,電腦及週邊設備業,233.075,155.12468333333334,-77.95031666666665,-33.44
1722,台肥,2016Q3,,40.38,26.870783333333325,-13.509216666666678,-33.46
1582,信錦,2017Q1,電子零組件業,66.07,43.88460000000002,-22.185399999999973,-33.58
1723,中碳,2019Q2,化學工業,99.28,65.73830000000001,-33.54169999999999,-33.78
4935,茂林-KY,2017Q1,光電業,43.91,29.032850000000018,-14.877149999999979,-33.88
3518,柏騰,2018Q2,其他電子業,19.2,12.68535833333333,-6.5146416666666696,-33.93
8454,富邦媒,2019Q2,數位雲端,258.185,170.10097500000015,-88.08402499999985,-34.12
3450,聯鈞,2018Q1,半導體業,65.72,42.926841666666675,-22.793158333333324,-34.68
1536,和大,2016Q4,,140.71,90.32850833333326,-50.38149166666675,-35.81
2412,中華電,2019Q2,通信網路業,110.44,70.80889166666667,-39.63110833333333,-35.88
9930,中聯資源,2019Q1,綠能環保,50.1,32.05586666666667,-18.044133333333335,-36.02
5234,達興材料,2018Q1,光電業,90.5925,57.84669166666667,-32.74580833333333,-36.15
3130,一零四,2018Q2,數位雲端,166.07,105.52651666666671,-60.543483333333285,-36.46
3532,台勝科,2019Q1,半導體業,115.22,72.75422499999999,-42.46577500000001,-36.86
4526,東台,2016Q3,,21.14,13.334575000000013,-7.805424999999987,-36.92
6415,矽力*-KY,2017Q2,半導體業,576.79,362.0122249999996,-214.77777500000036,-37.24
2478,大毅,2018Q1,電子零組件業,34.84,21.790916666666657,-13.049083333333346,-37.45
2497,怡利電,2018Q2,汽車工業,19.96,12.46374166666667,-7.496258333333332,-37.56
1786,科妍,2018Q1,生技醫療業,73.72,45.97738333333332,-27.742616666666677,-37.63
1102,亞泥,2017Q2,水泥工業,27.31,16.955566666666662,-10.354433333333336,-37.91
1558,伸興,2019Q2,電機機械,132.9975,82.44460000000001,-50.552899999999994,-38.01
2433,互盛電,2018Q1,其他電子業,47.05,29.09207500000001,-17.95792499999999,-38.17
8499,鼎炫-KY,2019Q1,其他電子業,107.145,66.24148333333332,-40.903516666666675,-38.18
1583,程泰,2018Q1,電機機械,60.185,37.12645833333335,-23.05854166666665,-38.31
1590,亞德客-KY,2017Q3,電機機械,425.97,262.07106666666647,-163.89893333333356,-38.48
3018,隆銘綠能,2018Q4,其他電子業,25.66,15.705633333333335,-9.954366666666665,-38.79
6224,聚鼎,2018Q1,電子零組件業,65.77,39.97016666666666,-25.79983333333334,-39.23
6449,鈺邦,2017Q1,電子零組件業,36.365,22.034274999999994,-14.330725000000008,-39.41
2069,運錩,2019Q1,鋼鐵工業,22.765,13.738399999999999,-9.026600000000002,-39.65
3059,華晶科,2016Q2,,25.64,15.349241666666662,-10.290758333333338,-40.14
4545,銘鈺,2020Q1,電子零組件業,29.29,17.518716666666663,-11.771283333333336,-40.19
2373,震旦行,2017Q1,其他電子業,60.31,35.98238333333335,-24.32761666666665,-40.34
6505,台塑化,2017Q2,油電燃氣業,109.28666666666668,65.17244166666671,-44.11422499999996,-40.37
5434,崇越,2020Q1,電子通路業,89.9,53.59540000000002,-36.304599999999986,-40.38
2731,雄獅,2018Q1,觀光餐旅,105.665,62.82173333333331,-42.84326666666669,-40.55
2031,新光鋼,2019Q2,鋼鐵工業,22.16,13.13824166666666,-9.02175833333334,-40.71
4551,智伸科,2018Q1,汽車工業,107.13,63.48345000000001,-43.64654999999998,-40.74
6177,達麗,2018Q2,建材營造,30.817500000000003,18.244491666666665,-12.573008333333338,-40.8
1321,大洋,2019Q2,塑膠工業,28.17,16.666575,-11.503425,-40.84
6141,柏承,2018Q1,電子零組件業,26.28,15.545766666666673,-10.734233333333329,-40.85
3376,新日興,2019Q2,電子零組件業,111.81,66.12389999999999,-45.68610000000001,-40.86
2355,敬鵬,2018Q1,電子零組件業,37.15,21.902158333333336,-15.247841666666663,-41.04
1736,喬山,2017Q2,運動休閒,32.76,19.310950000000002,-13.449049999999996,-41.05
4912,聯德控股-KY,2019Q2,電子零組件業,89.81,52.85017499999994,-36.95982500000006,-41.15
1717,長興,2018Q1,化學工業,25.275,14.82059166666666,-10.454408333333339,-41.36
1786,科妍,2016Q4,,42.34,24.772666666666673,-17.56733333333333,-41.49
3504,揚明光,2017Q2,光電業,36.22,21.16056666666668,-15.05943333333332,-41.58
2492,華新科,2018Q1,電子零組件業,108.89,63.56992500000005,-45.32007499999995,-41.62
6197,佳必琪,2018Q1,電子零組件業,29.08,16.92764166666667,-12.152358333333328,-41.79
9927,泰銘,2019Q1,其他,32.21,18.75035833333333,-13.45964166666667,-41.79
2421,建準,2018Q1,電子零組件業,39.69,22.972791666666666,-16.717208333333332,-42.12
3130,一零四,2018Q1,數位雲端,175.99,100.914275,-75.075725,-42.66
6206,飛捷,2016Q2,,101.36,58.05097499999997,-43.30902500000003,-42.73
1808,潤隆,2019Q2,建材營造,51.25,29.3219,-21.9281,-42.79
2385,群光,2018Q2,電子零組件業,69.75,39.89785833333329,-29.85214166666671,-42.8
6202,盛群,2018Q1,半導體業,74.9425,42.83674166666667,-32.10575833333333,-42.84
2228,劍麟,2017Q2,汽車工業,100.29,57.092891666666674,-43.19710833333333,-43.07
2327,國巨,2019Q4,電子零組件業,383.97,218.28345000000013,-165.6865499999999,-43.15
6282,康舒,2017Q1,電子零組件業,22.96,13.029125000000004,-9.930874999999997,-43.25
8046,南電,2017Q4,電子零組件業,26.16,14.538325000000004,-11.621674999999996,-44.43
9941,裕融,2017Q1,其他,87.61,48.644799999999975,-38.965200000000024,-44.48
1232,大統益,2019Q2,食品工業,117.2575,64.65233333333333,-52.60516666666666,-44.86
8482,商億-KY,2019Q2,居家生活,138.36,76.19661666666667,-62.16338333333334,-44.93
5388,中磊,2018Q1,通信網路業,67.47749999999999,36.65627500000001,-30.821224999999984,-45.68
2317,鴻海,2017Q1,其他電子業,90.42,49.09680833333333,-41.32319166666667,-45.7
6283,淳安,2018Q2,其他電子業,57.11,30.874033333333326,-26.235966666666673,-45.94
4562,穎漢,2018Q1,電機機械,36.87,19.932224999999992,-16.937775000000006,-45.94
8473,山林水,2019Q1,綠能環保,49.28,26.516066666666642,-22.76393333333336,-46.19
2327,國巨,2017Q1,電子零組件業,81.32,43.740583333333326,-37.57941666666667,-46.21
3004,豐達科,2019Q1,鋼鐵工業,95.0275,50.83484166666667,-44.192658333333334,-46.51
1733,五鼎,2017Q1,生技醫療業,31.9,17.010141666666662,-14.889858333333336,-46.68
1439,雋揚,2018Q1,建材營造,26.07,13.751400000000004,-12.318599999999996,-47.25
1321,大洋,2019Q4,塑膠工業,38.16,20.10515833333332,-18.054841666666675,-47.31
9802,鈺齊-KY,2020Q1,運動休閒,89.1,46.93525000000002,-42.16474999999998,-47.32
5225,東科-KY,2016Q2,,33.2,17.473083333333328,-15.726916666666675,-47.37
1232,大統益,2017Q2,食品工業,91.4525,47.997466666666675,-43.455033333333326,-47.52
6625,必應,2018Q2,其他,52.48,27.332416666666663,-25.147583333333333,-47.92
6166,凌華,2018Q2,電腦及週邊設備業,43.12,22.227133333333345,-20.892866666666652,-48.45
4142,國光生,2016Q2,,23.32,11.834708333333335,-11.485291666666665,-49.25
1707,葡萄王,2018Q2,生技醫療業,209.395,105.9419083333333,-103.45309166666671,-49.41
6209,今國光,2017Q2,光電業,27.71,13.944524999999999,-13.765475000000002,-49.68
8454,富邦媒,2016Q2,,203.96,102.59760833333324,-101.36239166666677,-49.7
8046,南電,2016Q2,,25.48,12.813025000000005,-12.666974999999995,-49.71
9958,世紀鋼,2019Q3,鋼鐵工業,73.16,36.701908333333314,-36.45809166666668,-49.83
3501,維熹,2019Q1,電子零組件業,52.39,26.27085833333334,-26.11914166666666,-49.86
2939,永邑-KY,2018Q1,貿易百貨,149.05,73.4823,-75.56770000000002,-50.7
6165,浪凡,2017Q1,數位雲端,36.05,17.72239999999999,-18.327600000000007,-50.84
2388,威盛,2018Q2,半導體業,44.33,21.706108333333322,-22.623891666666676,-51.04
3019,亞光,2019Q2,光電業,82.065,39.49969166666663,-42.56530833333337,-51.87
2731,雄獅,2016Q2,,91.12,43.693291666666674,-47.42670833333333,-52.05
6206,飛捷,2017Q1,電腦及週邊設備業,81.31,38.971175000000024,-42.33882499999998,-52.07
3545,敦泰,2019Q1,半導體業,25.07,12.007449999999997,-13.062550000000003,-52.1
2049,上銀,2019Q2,電機機械,271.83500000000004,127.34613333333328,-144.48886666666675,-53.15
3545,敦泰,2017Q1,半導體業,36.7275,17.16539999999999,-19.562100000000008,-53.26
2466,冠西電,2019Q1,光電業,33.03,15.392858333333344,-17.637141666666658,-53.4
1533,車王電,2017Q1,汽車工業,41.42,19.17953333333334,-22.240466666666663,-53.69
1598,岱宇,2018Q2,運動休閒,34.6,15.985983333333326,-18.614016666666675,-53.8
8016,矽創,2019Q1,半導體業,131.13,60.38589166666667,-70.74410833333332,-53.95
4763,材料-KY,2017Q2,化學工業,175.8,80.66688333333332,-95.1331166666667,-54.11
2375,凱美,2018Q1,電子零組件業,45.58,20.894225000000006,-24.685774999999992,-54.16
8070,長華*,2018Q1,電子通路業,138.67666666666665,62.992058333333354,-75.6846083333333,-54.58
6165,浪凡,2017Q2,數位雲端,40.620000000000005,18.411875,-22.208125000000006,-54.67
6504,南六,2016Q3,,153.79,69.47757500000003,-84.31242499999996,-54.82
6552,易華電,2018Q1,半導體業,61.185,27.557466666666663,-33.62753333333334,-54.96
6504,南六,2019Q1,其他,134.51,60.41215833333333,-74.09784166666665,-55.09
4148,全宇生技-KY,2018Q1,生技醫療業,131.27,58.50599166666666,-72.76400833333335,-55.43
2731,雄獅,2020Q1,觀光餐旅,57.12,25.33681666666665,-31.783183333333348,-55.64
6625,必應,2019Q1,其他,47.7,20.99567499999999,-26.70432500000001,-55.98
2727,王品,2017Q1,觀光餐旅,141.2,61.97875,-79.22125,-56.11
4968,立積,2017Q1,半導體業,76.33,33.337616666666655,-42.99238333333334,-56.32
2707,晶華,2016Q2,,161.7,70.54012500000002,-91.15987499999997,-56.38
2105,正新,2017Q1,橡膠工業,51.55,22.133299999999995,-29.416700000000002,-57.06
8454,富邦媒,2018Q1,數位雲端,221.03,94.14775000000002,-126.88224999999998,-57.4
8499,鼎炫-KY,2018Q1,其他電子業,87.75,36.98722499999999,-50.76277500000001,-57.85
6269,台郡,2020Q1,電子零組件業,99.8,42.06930833333333,-57.730691666666665,-57.85
2351,順德,2019Q1,半導體業,65.6,27.416833333333326,-38.183166666666665,-58.21
3044,健鼎,2019Q1,電子零組件業,97.67,40.82116666666667,-56.84883333333333,-58.21
4977,眾達-KY,2019Q1,通信網路業,98.57,40.68550000000001,-57.88449999999998,-58.72
1537,廣隆,2019Q1,電機機械,155.595,63.59620833333331,-91.99879166666669,-59.13
1760,寶齡富錦,2018Q3,生技醫療業,92.19,37.630250000000004,-54.559749999999994,-59.18
3454,晶睿,2019Q1,光電業,119.24,48.584900000000026,-70.65509999999998,-59.25
8482,商億-KY,2019Q1,居家生活,137.68,55.76824166666668,-81.91175833333332,-59.49
6504,南六,2018Q2,其他,166.995,67.45534166666667,-99.53965833333334,-59.61
1903,士紙,2019Q2,造紙工業,31.4475,12.4624,-18.985100000000003,-60.37
6153,嘉聯益,2017Q4,電子零組件業,41.875,16.59451666666667,-25.28048333333333,-60.37
6209,今國光,2018Q2,光電業,32.2,12.745700000000008,-19.454299999999996,-60.42
3533,嘉澤,2019Q1,電子零組件業,226.31,88.94988333333336,-137.36011666666664,-60.7
6115,鎰勝,2020Q1,電子零組件業,40.61,15.951375000000008,-24.658624999999994,-60.72
1527,鑽全,2017Q1,電機機械,78.82,30.79569999999999,-48.024300000000004,-60.93
6176,瑞儀,2018Q1,光電業,69.38,26.892533333333333,-42.48746666666666,-61.24
8210,勤誠,2020Q1,電腦及週邊設備業,80.0,30.619558333333348,-49.380441666666655,-61.73
3406,玉晶光,2017Q3,光電業,385.3475,147.36701666666656,-237.98048333333347,-61.76
2228,劍麟,2018Q1,汽車工業,84.44,30.757375000000007,-53.68262499999999,-63.57
3665,貿聯-KY,2019Q1,其他電子業,206.12,74.83438333333335,-131.28561666666667,-63.69
2360,致茂,2020Q1,其他電子業,119.32,42.12658333333334,-77.19341666666665,-64.69
3607,谷崧,2016Q2,,32.32,11.28333333333333,-21.03666666666667,-65.09
6409,旭隼,2017Q2,其他電子業,518.6,179.810925,-338.789075,-65.33
2439,美律,2019Q1,通信網路業,176.67,60.789774999999985,-115.880225,-65.59
1786,科妍,2017Q1,生技醫療業,36.23,12.441074999999996,-23.788925,-65.66
6214,精誠,2020Q1,資訊服務業,74.37,25.38458333333333,-48.98541666666667,-65.87
1419,新紡,2017Q2,紡織纖維,41.8,13.291008333333332,-28.508991666666667,-68.2
4912,聯德控股-KY,2017Q1,電子零組件業,113.4,34.24000833333335,-79.15999166666666,-69.81
3019,亞光,2017Q1,光電業,53.13,15.359650000000004,-37.77035,-71.09
3708,上緯投控,2016Q3,,70.68,20.29369166666667,-50.38630833333333,-71.29
2231,為升,2018Q1,汽車工業,399.7,114.43763333333332,-285.26236666666665,-71.37
5269,祥碩,2020Q1,半導體業,760.78,217.64278333333334,-543.1372166666666,-71.39
6271,同欣電,2017Q1,半導體業,129.97666666666666,37.14034166666667,-92.83632499999999,-71.43
4943,康控-KY,2017Q2,電子零組件業,137.54,38.47858333333333,-99.06141666666666,-72.02
2049,上銀,2017Q1,電機機械,200.8,55.81012499999999,-144.989875,-72.21
3257,虹冠電,2019Q2,半導體業,56.67,15.70765833333333,-40.962341666666674,-72.28
3018,隆銘綠能,2017Q3,其他電子業,72.305,19.77318333333334,-52.53181666666667,-72.65
4994,傳奇,2016Q4,,65.58333333333333,17.83896666666667,-47.74436666666666,-72.8
2308,台達電,2018Q1,電子零組件業,129.41,34.68491666666666,-94.72508333333334,-73.2
3532,台勝科,2017Q1,半導體業,99.7475,26.61494999999999,-73.13255000000001,-73.32
6451,訊芯-KY,2018Q3,半導體業,98.39,26.020574999999987,-72.369425,-73.55
4943,康控-KY,2017Q1,電子零組件業,104.25,27.394750000000002,-76.85525,-73.72
6414,樺漢,2018Q1,電腦及週邊設備業,373.8275,96.59210000000003,-277.23539999999997,-74.16
3016,嘉晶,2019Q4,半導體業,51.51,13.028933333333336,-38.48106666666666,-74.71
1558,伸興,2017Q1,電機機械,129.29,32.66792499999999,-96.622075,-74.73
9914,美利達,2017Q2,運動休閒,132.37,32.18154999999998,-100.18845000000002,-75.69
6533,晶心科,2018Q3,半導體業,111.29,26.56477500000002,-84.725225,-76.13
3708,上緯投控,2018Q2,綠能環保,86.505,20.057050000000004,-66.44794999999999,-76.81
6531,愛普*,2020Q1,半導體業,105.72,23.7863,-81.9337,-77.5
5269,祥碩,2019Q1,半導體業,537.3675000000001,119.32165833333342,-418.04584166666666,-77.8
3708,上緯投控,2018Q1,綠能環保,102.98,22.823800000000002,-80.1562,-77.84
9914,美利達,2019Q1,運動休閒,170.63,37.432841666666675,-133.19715833333333,-78.06
2492,華新科,2020Q1,電子零組件業,175.58,38.37535833333331,-137.2046416666667,-78.14
6415,矽力*-KY,2020Q1,半導體業,923.5,198.32221666666663,-725.1777833333333,-78.52
4958,臻鼎-KY,2019Q1,電子零組件業,91.39,18.36259166666667,-73.02740833333333,-79.91
9921,巨大,2018Q1,運動休閒,137.8,25.485191666666672,-112.31480833333333,-81.51
2439,美律,2018Q1,通信網路業,129.93,22.484875000000002,-107.445125,-82.69
1476,儒鴻,2019Q1,紡織纖維,404.4,69.15022500000002,-335.24977499999994,-82.9
2049,上銀,2020Q1,電機機械,231.85,16.261008333333336,-215.58899166666666,-92.99
